Max_Time,Model,Stim,Max_Value,Noise
165,IIT,On,10.626506712593384,0.5
99,IIT,On,9.016961280245022,0.5
209,IIT,On,9.695622607021718,0.5
151,IIT,On,8.87351593836406,0.5
217,IIT,On,11.048325620724958,0.5
168,IIT,On,9.455530123067364,0.5
213,IIT,On,9.444795970064561,0.5
206,IIT,On,9.980747885794697,0.5
163,IIT,On,13.111182358833128,0.5
149,IIT,On,10.368122623449093,0.5
240,IIT,On,9.385986751996832,0.5
365,IIT,On,10.236476166344952,0.5
211,IIT,On,10.931455487416857,0.5
209,IIT,On,8.270121722081125,0.5
163,IIT,On,9.489434739148946,0.5
207,IIT,On,10.860521972179823,0.5
107,IIT,On,9.412293959248027,0.5
201,IIT,On,11.396682583157354,0.5
128,IIT,On,9.552661969486074,0.5
153,IIT,On,11.026033574633287,0.5
189,IIT,On,10.16252632995363,0.5
242,IIT,On,9.157073125477721,0.5
248,IIT,On,9.435185248202753,0.5
153,IIT,On,9.954105479782596,0.5
140,IIT,On,9.568128573501122,0.5
174,IIT,On,10.880911132916841,0.5
217,IIT,On,9.059989213373925,0.5
143,IIT,On,9.530235290718938,0.5
189,IIT,On,10.828719860372793,0.5
167,IIT,On,11.208728478950272,0.5
174,IIT,On,10.322353255931866,0.5
172,IIT,On,10.141770979541803,0.5
292,IIT,On,8.81766823541681,0.5
222,IIT,On,9.817396957249242,0.5
160,IIT,On,9.025909460273589,0.5
192,IIT,On,10.813768461671208,0.5
141,IIT,On,8.641592061417818,0.5
176,IIT,On,11.190848362767571,0.5
208,IIT,On,8.595355702705772,0.5
129,IIT,On,10.19425470625103,0.5
277,IIT,On,10.502088550375147,0.5
178,IIT,On,11.828353384885766,0.5
142,IIT,On,11.700893656065928,0.5
248,IIT,On,11.085897639444834,0.5
268,IIT,On,10.311240208289188,0.5
190,IIT,On,10.701819396978392,0.5
225,IIT,On,9.546394487337388,0.5
179,IIT,On,10.489760004121795,0.5
236,IIT,On,7.714001640591305,0.5
173,IIT,On,11.809475209854076,0.5
144,IIT,On,9.791061171399946,0.5
194,IIT,On,10.07399224371201,0.5
188,IIT,On,12.099050750229265,0.5
172,IIT,On,10.275965714589278,0.5
138,IIT,On,9.109438748343004,0.5
161,IIT,On,12.02523411972917,0.5
253,IIT,On,8.77179625355524,0.5
169,IIT,On,12.391532836551079,0.5
262,IIT,On,9.538299320956094,0.5
276,IIT,On,9.919919652559363,0.5
345,IIT,On,8.864734292137392,0.5
151,IIT,On,9.81076552897327,0.5
148,IIT,On,9.89513800053748,0.5
211,IIT,On,10.056898369793563,0.5
181,IIT,On,8.673290374661319,0.5
269,IIT,On,9.77671994648997,0.5
219,IIT,On,8.982728464325255,0.5
141,IIT,On,10.20833995310392,0.5
174,IIT,On,9.710971607035312,0.5
128,IIT,On,10.369531583663104,0.5
121,IIT,On,10.08502552146877,0.5
137,IIT,On,10.349316129087343,0.5
184,IIT,On,10.104450795739696,0.5
214,IIT,On,10.19053269395486,0.5
175,IIT,On,9.203619540195005,0.5
167,IIT,On,10.036931996069088,0.5
219,IIT,On,10.60819060255884,0.5
208,IIT,On,10.445520292823787,0.5
128,IIT,On,9.200254266029821,0.5
166,IIT,On,8.125037383188785,0.5
133,IIT,On,9.184739299736115,0.5
173,IIT,On,10.016036264723363,0.5
166,IIT,On,9.231165185140526,0.5
194,IIT,On,9.16983940557182,0.5
259,IIT,On,10.629006476569279,0.5
194,IIT,On,13.422288761791295,0.5
153,IIT,On,9.707061525438506,0.5
262,IIT,On,11.314032403649916,0.5
229,IIT,On,11.454925520806198,0.5
142,IIT,On,9.429321083996562,0.5
206,IIT,On,10.618931940267297,0.5
128,IIT,On,11.318271530882136,0.5
150,IIT,On,9.736500115991833,0.5
233,IIT,On,9.936395777239165,0.5
221,IIT,On,10.284013624290887,0.5
204,IIT,On,10.25506571053197,0.5
204,IIT,On,10.026865560640433,0.5
155,IIT,On,10.106324461115,0.5
184,IIT,On,10.48739103100016,0.5
225,IIT,On,9.156490718009838,0.5
0,IIT,Off,2.645588235546227,0.5
313,IIT,Off,2.714484681190155,0.5
10,IIT,Off,3.177337513041158,0.5
4,IIT,Off,2.991538500636692,0.5
3,IIT,Off,2.5880432904188404,0.5
4,IIT,Off,3.3932958234548813,0.5
1,IIT,Off,2.919221686809168,0.5
417,IIT,Off,2.49393396865059,0.5
279,IIT,Off,5.15401759110473,0.5
2,IIT,Off,3.2362199418237845,0.5
0,IIT,Off,2.0825873864649256,0.5
493,IIT,Off,2.524858690344461,0.5
0,IIT,Off,2.724180866659186,0.5
315,IIT,Off,3.603095612038864,0.5
0,IIT,Off,2.5701406571869563,0.5
249,IIT,Off,2.272486478280956,0.5
1,IIT,Off,3.307134986519549,0.5
7,IIT,Off,2.7247469567778877,0.5
3,IIT,Off,2.984992676684808,0.5
0,IIT,Off,2.788698669647792,0.5
164,IIT,Off,2.410007678742137,0.5
306,IIT,Off,2.6890891797840824,0.5
160,IIT,Off,4.262115518188132,0.5
6,IIT,Off,4.482870164059024,0.5
6,IIT,Off,3.586818032686903,0.5
106,IIT,Off,3.9946257550460964,0.5
150,IIT,Off,2.315357165826437,0.5
0,IIT,Off,4.123618313062602,0.5
0,IIT,Off,2.4312456420300332,0.5
298,IIT,Off,3.199626155030299,0.5
181,IIT,Off,2.6562073750137936,0.5
1,IIT,Off,3.598403026529912,0.5
228,IIT,Off,2.81999985305126,0.5
295,IIT,Off,2.740386277516548,0.5
2,IIT,Off,3.012869894801756,0.5
2,IIT,Off,3.7707826398312863,0.5
187,IIT,Off,2.2917182718607556,0.5
291,IIT,Off,2.714691194764647,0.5
264,IIT,Off,2.3173449302436113,0.5
317,IIT,Off,3.5163775574729956,0.5
11,IIT,Off,3.199553341723083,0.5
297,IIT,Off,2.7306076781501254,0.5
369,IIT,Off,2.99220801370338,0.5
7,IIT,Off,3.7203151319719128,0.5
3,IIT,Off,4.431929751148047,0.5
1,IIT,Off,3.977067159677079,0.5
170,IIT,Off,3.8105008969286245,0.5
296,IIT,Off,2.8144003005508194,0.5
4,IIT,Off,3.0726107147385426,0.5
194,IIT,Off,2.7415457616811305,0.5
304,IIT,Off,3.4486478645812984,0.5
0,IIT,Off,2.8911559651864565,0.5
0,IIT,Off,4.459094939739031,0.5
86,IIT,Off,2.305286899591793,0.5
7,IIT,Off,3.1556345554261647,0.5
447,IIT,Off,2.602089625006864,0.5
6,IIT,Off,2.2566855196112545,0.5
124,IIT,Off,2.5251609583086463,0.5
177,IIT,Off,2.361042851427579,0.5
3,IIT,Off,3.6961154187908383,0.5
5,IIT,Off,2.6024374033923348,0.5
339,IIT,Off,3.332762043116609,0.5
181,IIT,Off,3.4124578006129496,0.5
216,IIT,Off,3.1045804628502167,0.5
290,IIT,Off,2.8110557298024723,0.5
1,IIT,Off,2.451255160102522,0.5
318,IIT,Off,2.9036937551911826,0.5
206,IIT,Off,2.924330002790671,0.5
0,IIT,Off,3.087228843809775,0.5
202,IIT,Off,2.9283787088992637,0.5
1,IIT,Off,2.5300545099115137,0.5
8,IIT,Off,3.4805894655912257,0.5
10,IIT,Off,2.8525356877943024,0.5
245,IIT,Off,3.4925705048522313,0.5
1,IIT,Off,3.070460780219075,0.5
109,IIT,Off,3.3966487837373123,0.5
9,IIT,Off,3.363846910827546,0.5
7,IIT,Off,2.5183877252516944,0.5
243,IIT,Off,2.7345267105808624,0.5
204,IIT,Off,3.0640520548640797,0.5
0,IIT,Off,2.691294228246306,0.5
4,IIT,Off,4.034142345761267,0.5
3,IIT,Off,3.910216986115768,0.5
273,IIT,Off,3.681816026095492,0.5
348,IIT,Off,3.201500533134687,0.5
237,IIT,Off,2.509459462222626,0.5
5,IIT,Off,3.2878279142774836,0.5
2,IIT,Off,4.0560979905619226,0.5
0,IIT,Off,3.6733561767891887,0.5
3,IIT,Off,2.688154132000414,0.5
410,IIT,Off,2.7399522587090734,0.5
0,IIT,Off,3.1501666793748058,0.5
3,IIT,Off,3.430798985357065,0.5
216,IIT,Off,2.3537600608616915,0.5
388,IIT,Off,2.791389215833851,0.5
0,IIT,Off,2.7434415831068875,0.5
3,IIT,Off,4.287527206531521,0.5
2,IIT,Off,2.9878355524124065,0.5
1,IIT,Off,2.73671209074688,0.5
8,IIT,Off,3.9500891770665016,0.5
285,GNWT,On,2.483933917688258,0.5
759,GNWT,On,2.43986703734796,0.5
113,GNWT,On,3.312873144100975,0.5
21,GNWT,On,2.251731160874623,0.5
269,GNWT,On,3.0160835279935814,0.5
264,GNWT,On,2.7698802063273424,0.5
88,GNWT,On,2.1946189020915106,0.5
123,GNWT,On,2.5654039166674774,0.5
191,GNWT,On,2.446501142215084,0.5
184,GNWT,On,2.1272440387102938,0.5
181,GNWT,On,2.5377445914386474,0.5
151,GNWT,On,2.6119619439004658,0.5
82,GNWT,On,2.294941422512311,0.5
147,GNWT,On,2.843767773410695,0.5
106,GNWT,On,3.974003739059495,0.5
156,GNWT,On,2.80219646426138,0.5
183,GNWT,On,2.0138250136043614,0.5
84,GNWT,On,2.6962062119430623,0.5
116,GNWT,On,2.4315045010271144,0.5
181,GNWT,On,2.635411764007413,0.5
295,GNWT,On,2.8147016056156873,0.5
154,GNWT,On,2.2575370015594283,0.5
645,GNWT,On,2.5105548072706823,0.5
266,GNWT,On,2.416146264075954,0.5
237,GNWT,On,2.730493505882834,0.5
209,GNWT,On,3.0368474157050134,0.5
101,GNWT,On,2.549546702804771,0.5
105,GNWT,On,3.359598078555464,0.5
327,GNWT,On,2.5397814584537683,0.5
378,GNWT,On,2.788566048742244,0.5
286,GNWT,On,3.6118187497772816,0.5
103,GNWT,On,2.125848187402424,0.5
102,GNWT,On,3.8183238945853324,0.5
95,GNWT,On,2.6068513805874516,0.5
151,GNWT,On,3.575163007771218,0.5
373,GNWT,On,3.1984186586324226,0.5
56,GNWT,On,3.192401787384329,0.5
174,GNWT,On,4.475281394149752,0.5
647,GNWT,On,3.0908596760810827,0.5
172,GNWT,On,2.759827796721427,0.5
93,GNWT,On,2.9135807060283554,0.5
138,GNWT,On,3.3046998274584674,0.5
139,GNWT,On,3.2017835428588404,0.5
66,GNWT,On,3.140071777763426,0.5
620,GNWT,On,2.319257024149047,0.5
794,GNWT,On,2.6010442815944383,0.5
88,GNWT,On,2.4214821968466884,0.5
116,GNWT,On,3.28646365037917,0.5
221,GNWT,On,3.5228736594842722,0.5
441,GNWT,On,2.978531018618411,0.5
191,GNWT,On,3.253801971643318,0.5
722,GNWT,On,3.271417994248685,0.5
119,GNWT,On,2.0674284301813817,0.5
42,GNWT,On,3.222116666151211,0.5
170,GNWT,On,2.3276117170891344,0.5
831,GNWT,On,2.506579699186238,0.5
71,GNWT,On,2.8007176730080188,0.5
99,GNWT,On,2.428157877854061,0.5
148,GNWT,On,2.8041493576369403,0.5
114,GNWT,On,2.2028363593678133,0.5
84,GNWT,On,2.8940975615377424,0.5
470,GNWT,On,3.227832264720087,0.5
163,GNWT,On,3.6687601442313427,0.5
128,GNWT,On,3.4848972955746462,0.5
104,GNWT,On,3.069605256899099,0.5
183,GNWT,On,3.4205292410307226,0.5
827,GNWT,On,1.9811665809413417,0.5
827,GNWT,On,2.097375248066848,0.5
168,GNWT,On,3.397846800689821,0.5
100,GNWT,On,2.604748062073486,0.5
114,GNWT,On,2.7192143857914584,0.5
150,GNWT,On,3.2949995002063908,0.5
163,GNWT,On,3.1318735639565154,0.5
117,GNWT,On,4.105502401221725,0.5
776,GNWT,On,2.5830151868186713,0.5
141,GNWT,On,2.038744157455502,0.5
93,GNWT,On,2.7499347355376544,0.5
181,GNWT,On,3.050004697587461,0.5
178,GNWT,On,2.610931289273963,0.5
74,GNWT,On,2.6743159244999646,0.5
148,GNWT,On,2.5689134213787823,0.5
170,GNWT,On,4.720908199848442,0.5
152,GNWT,On,3.8820195910605535,0.5
107,GNWT,On,3.4672636912897086,0.5
239,GNWT,On,2.9571998158734587,0.5
166,GNWT,On,2.4099647341138075,0.5
218,GNWT,On,2.5473671172137737,0.5
46,GNWT,On,2.8364902339289246,0.5
667,GNWT,On,2.6264157213899675,0.5
286,GNWT,On,2.3815965759952413,0.5
71,GNWT,On,2.432222490765396,0.5
359,GNWT,On,3.531611712921432,0.5
151,GNWT,On,2.828093555096453,0.5
135,GNWT,On,3.164105465209695,0.5
235,GNWT,On,4.039800521286261,0.5
122,GNWT,On,3.3100350557932776,0.5
77,GNWT,On,2.359915241646035,0.5
181,GNWT,On,3.422134934258354,0.5
45,GNWT,On,2.906825909183428,0.5
123,GNWT,On,2.6691439699164525,0.5
77,GNWT,Off,1.3840875068202994,0.5
687,GNWT,Off,1.6407149831314216,0.5
351,GNWT,Off,1.6508317929019527,0.5
89,GNWT,Off,1.5029362711959309,0.5
89,GNWT,Off,1.5712475195335067,0.5
350,GNWT,Off,1.7682925829781275,0.5
465,GNWT,Off,1.5195749366884252,0.5
111,GNWT,Off,2.0067219873253994,0.5
96,GNWT,Off,1.1600556146690049,0.5
74,GNWT,Off,1.829014132393906,0.5
231,GNWT,Off,1.6013117732981423,0.5
137,GNWT,Off,2.007050180922338,0.5
79,GNWT,Off,1.780281285618552,0.5
501,GNWT,Off,2.0007800758107006,0.5
233,GNWT,Off,2.4893287541971176,0.5
668,GNWT,Off,1.3386517395031514,0.5
167,GNWT,Off,1.3592347146942385,0.5
141,GNWT,Off,1.1893220888139617,0.5
43,GNWT,Off,1.4497735536137746,0.5
71,GNWT,Off,1.634941098653841,0.5
82,GNWT,Off,1.9426036422670772,0.5
204,GNWT,Off,1.481423154777371,0.5
911,GNWT,Off,1.363290436843692,0.5
329,GNWT,Off,1.3210422773680817,0.5
155,GNWT,Off,2.070452893349889,0.5
6,GNWT,Off,1.3444444202398649,0.5
112,GNWT,Off,1.714426540812099,0.5
0,GNWT,Off,1.8669958708794547,0.5
97,GNWT,Off,1.7927055329196453,0.5
104,GNWT,Off,1.6801209834600237,0.5
524,GNWT,Off,2.0099240503429177,0.5
80,GNWT,Off,1.3779796102975252,0.5
483,GNWT,Off,1.134080162392396,0.5
773,GNWT,Off,1.686256271208259,0.5
813,GNWT,Off,1.2950723238609725,0.5
97,GNWT,Off,2.1561689045544066,0.5
842,GNWT,Off,1.0633027694300807,0.5
95,GNWT,Off,1.8323417292621405,0.5
111,GNWT,Off,1.7673058271519027,0.5
293,GNWT,Off,1.5886616485967153,0.5
156,GNWT,Off,1.6494734169214487,0.5
667,GNWT,Off,1.8471732832746124,0.5
384,GNWT,Off,1.4669659264107526,0.5
356,GNWT,Off,1.6466197886224623,0.5
231,GNWT,Off,2.048835619459639,0.5
175,GNWT,Off,2.000721350341757,0.5
344,GNWT,Off,1.5257722975013224,0.5
184,GNWT,Off,1.7143754705557708,0.5
592,GNWT,Off,1.798495171848658,0.5
385,GNWT,Off,1.7735020503937267,0.5
142,GNWT,Off,1.9801755503713259,0.5
797,GNWT,Off,1.8204331400879206,0.5
989,GNWT,Off,1.6504831816752152,0.5
823,GNWT,Off,2.0111881114364425,0.5
820,GNWT,Off,1.5929527507862744,0.5
169,GNWT,Off,1.6842386749054636,0.5
505,GNWT,Off,1.6578438730468388,0.5
480,GNWT,Off,1.8157663089633969,0.5
88,GNWT,Off,1.377992897070117,0.5
651,GNWT,Off,1.2202352893452697,0.5
367,GNWT,Off,1.43991581581256,0.5
745,GNWT,Off,1.4907701700461815,0.5
405,GNWT,Off,2.2492357322798053,0.5
383,GNWT,Off,1.801392847826156,0.5
123,GNWT,Off,2.1008622900744713,0.5
118,GNWT,Off,1.6476107740900026,0.5
357,GNWT,Off,1.9747029077025806,0.5
380,GNWT,Off,1.3353672493924902,0.5
151,GNWT,Off,1.688549891295049,0.5
822,GNWT,Off,1.6171709898597455,0.5
72,GNWT,Off,1.5153674002752002,0.5
254,GNWT,Off,1.586343988246254,0.5
133,GNWT,Off,1.947717688012504,0.5
188,GNWT,Off,1.5661117736647645,0.5
67,GNWT,Off,2.097788781318344,0.5
258,GNWT,Off,1.504234164017898,0.5
430,GNWT,Off,1.6505917431652246,0.5
149,GNWT,Off,2.025654605620019,0.5
72,GNWT,Off,1.3153402239166525,0.5
94,GNWT,Off,1.996411424635513,0.5
123,GNWT,Off,1.5114295717424124,0.5
450,GNWT,Off,1.6653899503138847,0.5
882,GNWT,Off,1.5699878734952573,0.5
53,GNWT,Off,1.4805931382559827,0.5
590,GNWT,Off,2.0110731233304953,0.5
95,GNWT,Off,1.6371557501974014,0.5
570,GNWT,Off,1.4974022046257953,0.5
117,GNWT,Off,1.7193620239813965,0.5
67,GNWT,Off,1.6443363428728963,0.5
79,GNWT,Off,1.870794491885527,0.5
865,GNWT,Off,1.346778505705339,0.5
268,GNWT,Off,1.1891938029872704,0.5
76,GNWT,Off,1.7091130765732134,0.5
542,GNWT,Off,1.445014744494197,0.5
0,GNWT,Off,1.4882670910335136,0.5
667,GNWT,Off,1.7338679534391266,0.5
658,GNWT,Off,3.2088445278376994,0.5
114,GNWT,Off,1.5264753441653738,0.5
157,GNWT,Off,1.8486698949125595,0.5
221,GNWT,Off,1.6441446908504995,0.5
165,IIT,On,11.902697711000124,0.6
99,IIT,On,10.316131416852425,0.6
209,IIT,On,10.779290649166647,0.6
151,IIT,On,9.687092273175283,0.6
217,IIT,On,12.480870599218244,0.6
168,IIT,On,10.611654956360598,0.6
213,IIT,On,10.484682247448198,0.6
206,IIT,On,11.096219749092747,0.6
163,IIT,On,15.022769584246864,0.6
149,IIT,On,11.616986240932505,0.6
240,IIT,On,10.435811335782928,0.6
365,IIT,On,12.159891234909043,0.6
211,IIT,On,12.363492818267947,0.6
209,IIT,On,9.07925866525975,0.6
163,IIT,On,10.433019057176752,0.6
207,IIT,On,12.154097138208906,0.6
107,IIT,On,10.752284243721054,0.6
201,IIT,On,12.799333466845836,0.6
128,IIT,On,10.650615064839648,0.6
153,IIT,On,12.44170610038925,0.6
189,IIT,On,11.309163881745452,0.6
242,IIT,On,10.32706300205118,0.6
248,IIT,On,10.601234845103376,0.6
153,IIT,On,11.053337989725025,0.6
140,IIT,On,10.69571041619025,0.6
174,IIT,On,12.134445467838084,0.6
217,IIT,On,10.050697891444235,0.6
143,IIT,On,10.569210411802018,0.6
189,IIT,On,12.13612509413015,0.6
167,IIT,On,12.737986139241114,0.6
174,IIT,On,11.581998473961674,0.6
172,IIT,On,11.28109225494068,0.6
292,IIT,On,10.059506585649492,0.6
222,IIT,On,10.9562563748055,0.6
160,IIT,On,9.883643330206967,0.6
192,IIT,On,12.150755447853323,0.6
141,IIT,On,9.586034550842426,0.6
176,IIT,On,12.639953373279248,0.6
208,IIT,On,9.462652531978868,0.6
129,IIT,On,11.605540462120189,0.6
277,IIT,On,11.919583968612178,0.6
178,IIT,On,13.326365617783244,0.6
142,IIT,On,13.319256238095758,0.6
248,IIT,On,12.623396778821448,0.6
268,IIT,On,11.703113198487012,0.6
190,IIT,On,12.147870958994464,0.6
225,IIT,On,10.580515522277071,0.6
179,IIT,On,11.79949485671896,0.6
236,IIT,On,8.557547694216805,0.6
173,IIT,On,13.481248162163505,0.6
144,IIT,On,10.95227037126029,0.6
194,IIT,On,11.139428878569108,0.6
188,IIT,On,13.787671696546493,0.6
172,IIT,On,11.413032324860344,0.6
359,IIT,On,10.105343416327079,0.6
161,IIT,On,13.739798313355632,0.6
253,IIT,On,9.74796715325558,0.6
169,IIT,On,14.16781535976962,0.6
262,IIT,On,10.821582670691113,0.6
276,IIT,On,11.38684674020708,0.6
345,IIT,On,10.150431086422236,0.6
151,IIT,On,10.879401224029257,0.6
148,IIT,On,11.12849192281314,0.6
211,IIT,On,11.24985429095216,0.6
283,IIT,On,9.617529095755199,0.6
269,IIT,On,11.027027491595943,0.6
219,IIT,On,9.968567776191167,0.6
141,IIT,On,11.427206146982652,0.6
174,IIT,On,10.724449384500113,0.6
128,IIT,On,11.706638856672487,0.6
121,IIT,On,11.50208208086721,0.6
137,IIT,On,11.61500295383933,0.6
184,IIT,On,11.282050098445726,0.6
214,IIT,On,11.383507524140839,0.6
175,IIT,On,10.14710975606478,0.6
167,IIT,On,11.20214983493552,0.6
219,IIT,On,11.981747734679244,0.6
208,IIT,On,11.775813495762861,0.6
230,IIT,On,10.0872888191642,0.6
166,IIT,On,8.881340272117278,0.6
263,IIT,On,10.302478742049379,0.6
173,IIT,On,11.315468332422121,0.6
166,IIT,On,10.172114503658774,0.6
194,IIT,On,10.103513222631701,0.6
259,IIT,On,12.13449644417633,0.6
194,IIT,On,15.451033122540544,0.6
153,IIT,On,10.740979226127736,0.6
262,IIT,On,12.907082896571811,0.6
229,IIT,On,13.166732010279286,0.6
142,IIT,On,10.47533152803658,0.6
206,IIT,On,12.036601623191343,0.6
128,IIT,On,12.914122950716616,0.6
150,IIT,On,10.813554967799503,0.6
233,IIT,On,11.09654933196425,0.6
221,IIT,On,11.52287444229993,0.6
204,IIT,On,11.50278937784963,0.6
204,IIT,On,11.254342514753798,0.6
155,IIT,On,11.292912638836345,0.6
130,IIT,On,11.744783391351236,0.6
351,IIT,On,10.315804592484717,0.6
0,IIT,Off,2.9199591032354295,0.6
313,IIT,Off,3.4312335046909728,0.6
10,IIT,Off,3.8492396283322843,0.6
373,IIT,Off,3.7835086392526542,0.6
3,IIT,Off,2.9022000178807152,0.6
4,IIT,Off,4.015088610244464,0.6
1,IIT,Off,3.3376927120453725,0.6
417,IIT,Off,3.2665327395158226,0.6
279,IIT,Off,6.759179383105191,0.6
2,IIT,Off,3.7170467102585243,0.6
359,IIT,Off,2.5543049562084676,0.6
493,IIT,Off,3.420396114119714,0.6
85,IIT,Off,3.127998847787723,0.6
315,IIT,Off,4.649440980541725,0.6
173,IIT,Off,3.0844424857656643,0.6
249,IIT,Off,2.845740042530968,0.6
1,IIT,Off,3.773793130831747,0.6
7,IIT,Off,3.1386484478709114,0.6
3,IIT,Off,3.4742054970888825,0.6
0,IIT,Off,3.0824766391515492,0.6
164,IIT,Off,3.019195688680848,0.6
306,IIT,Off,3.429676330156695,0.6
160,IIT,Off,5.527743417431207,0.6
6,IIT,Off,5.418652326582834,0.6
6,IIT,Off,4.2961924488276475,0.6
106,IIT,Off,5.197583304060735,0.6
150,IIT,Off,2.8849558303821508,0.6
0,IIT,Off,4.800105463638316,0.6
349,IIT,Off,2.8191213776798523,0.6
298,IIT,Off,4.080771065078889,0.6
254,IIT,Off,3.3492140592236463,0.6
1,IIT,Off,4.2585132791249,0.6
228,IIT,Off,3.5809506241052964,0.6
295,IIT,Off,3.475302955440908,0.6
2,IIT,Off,3.3990904887899447,0.6
2,IIT,Off,4.371991666337253,0.6
187,IIT,Off,2.8721623741964697,0.6
291,IIT,Off,3.442580625480987,0.6
375,IIT,Off,2.979651573059736,0.6
317,IIT,Off,4.522846475288235,0.6
312,IIT,Off,4.088484904376856,0.6
297,IIT,Off,3.4802412818444624,0.6
369,IIT,Off,3.8765591720949395,0.6
7,IIT,Off,4.541483493253997,0.6
3,IIT,Off,5.2869471819441465,0.6
1,IIT,Off,4.6332916522603425,0.6
170,IIT,Off,4.918208099142722,0.6
296,IIT,Off,3.5646694170388122,0.6
4,IIT,Off,3.5851098629230127,0.6
194,IIT,Off,3.470072883223046,0.6
304,IIT,Off,4.450568735857928,0.6
0,IIT,Off,3.241686812696076,0.6
0,IIT,Off,5.151341296633793,0.6
86,IIT,Off,2.933872324491838,0.6
7,IIT,Off,3.7048545535827557,0.6
447,IIT,Off,3.4588783681850583,0.6
57,IIT,Off,2.5666002738567304,0.6
124,IIT,Off,3.1736447989323047,0.6
177,IIT,Off,2.957258438881841,0.6
3,IIT,Off,4.341768870646241,0.6
12,IIT,Off,2.9535449008448014,0.6
339,IIT,Off,4.306626425432792,0.6
181,IIT,Off,4.366993891441128,0.6
216,IIT,Off,3.9571356943320244,0.6
290,IIT,Off,3.557526945666739,0.6
1,IIT,Off,2.6935768842904384,0.6
318,IIT,Off,3.71004239541669,0.6
206,IIT,Off,3.705088514827224,0.6
0,IIT,Off,3.448348794895099,0.6
202,IIT,Off,3.717743853034395,0.6
191,IIT,Off,3.0184803682627135,0.6
8,IIT,Off,4.154445891117121,0.6
10,IIT,Off,3.4563350366252386,0.6
245,IIT,Off,4.494868413690663,0.6
1,IIT,Off,3.4938657909965825,0.6
109,IIT,Off,4.374603182708562,0.6
9,IIT,Off,4.162382222225889,0.6
7,IIT,Off,2.9419181380752937,0.6
243,IIT,Off,3.4704158502684486,0.6
204,IIT,Off,3.920281190129679,0.6
0,IIT,Off,2.9148473746474624,0.6
4,IIT,Off,4.770815761162275,0.6
3,IIT,Off,4.5704741156657045,0.6
273,IIT,Off,4.749992022040565,0.6
348,IIT,Off,4.168599050516659,0.6
237,IIT,Off,3.149671563841854,0.6
5,IIT,Off,3.828395724608995,0.6
2,IIT,Off,4.696989319056987,0.6
0,IIT,Off,4.190942131907551,0.6
3,IIT,Off,3.05815168186075,0.6
410,IIT,Off,3.5592446397297226,0.6
0,IIT,Off,3.5728521172977614,0.6
3,IIT,Off,4.056907071582095,0.6
305,IIT,Off,2.959954525367289,0.6
388,IIT,Off,3.6989714201666475,0.6
184,IIT,Off,3.2235118332077826,0.6
3,IIT,Off,5.083366637354635,0.6
2,IIT,Off,3.372983269188256,0.6
1,IIT,Off,3.038202219864496,0.6
8,IIT,Off,4.840212508087172,0.6
285,GNWT,On,3.1663450556579567,0.6
759,GNWT,On,3.2279161218384163,0.6
113,GNWT,On,4.15142492382352,0.6
21,GNWT,On,2.9607611507516376,0.6
269,GNWT,On,3.9659121564745123,0.6
695,GNWT,On,3.5987385110511703,0.6
88,GNWT,On,2.6753876042758633,0.6
123,GNWT,On,3.1179420549189723,0.6
191,GNWT,On,3.0992218991465905,0.6
184,GNWT,On,2.6022779901184747,0.6
181,GNWT,On,3.2096361760045062,0.6
151,GNWT,On,3.2574274739908833,0.6
82,GNWT,On,2.790241650885609,0.6
147,GNWT,On,3.544081812209115,0.6
106,GNWT,On,5.060990685027809,0.6
156,GNWT,On,3.5723210658729787,0.6
183,GNWT,On,2.454901146474944,0.6
84,GNWT,On,3.399910407699831,0.6
236,GNWT,On,3.027352599278509,0.6
181,GNWT,On,3.327571659362709,0.6
295,GNWT,On,3.709363442651131,0.6
332,GNWT,On,2.8827094056392446,0.6
645,GNWT,On,3.3795354650748854,0.6
266,GNWT,On,3.083212659696564,0.6
237,GNWT,On,3.4883007206497654,0.6
209,GNWT,On,3.8109970683424343,0.6
101,GNWT,On,3.1418494163116706,0.6
105,GNWT,On,4.22897029022031,0.6
327,GNWT,On,3.3164245926243483,0.6
378,GNWT,On,3.6815782548991445,0.6
286,GNWT,On,4.741841328398857,0.6
103,GNWT,On,2.630670621968437,0.6
102,GNWT,On,4.835669330736919,0.6
95,GNWT,On,3.1965926136942735,0.6
151,GNWT,On,4.494236041446612,0.6
373,GNWT,On,4.315968243983252,0.6
56,GNWT,On,4.121879444684071,0.6
174,GNWT,On,5.5513257521547095,0.6
647,GNWT,On,4.194617722182821,0.6
172,GNWT,On,3.4473216336487202,0.6
93,GNWT,On,3.655670983092248,0.6
138,GNWT,On,4.195319873654785,0.6
139,GNWT,On,3.9951010961815516,0.6
66,GNWT,On,3.963549181010515,0.6
620,GNWT,On,3.1393975213690033,0.6
794,GNWT,On,3.491227585634051,0.6
88,GNWT,On,3.009430397236393,0.6
116,GNWT,On,4.1648503338308105,0.6
221,GNWT,On,4.493540304808268,0.6
441,GNWT,On,3.992818979656924,0.6
191,GNWT,On,4.120719253989685,0.6
722,GNWT,On,4.16680855524663,0.6
119,GNWT,On,2.5612476883617887,0.6
42,GNWT,On,4.206349392860186,0.6
170,GNWT,On,2.900856003945337,0.6
831,GNWT,On,3.396623922396286,0.6
71,GNWT,On,3.5356816185107647,0.6
223,GNWT,On,3.080901348721742,0.6
148,GNWT,On,3.4880973819436125,0.6
114,GNWT,On,2.7137130215023184,0.6
84,GNWT,On,3.6174399632973016,0.6
470,GNWT,On,4.38056913559056,0.6
163,GNWT,On,4.638411962656748,0.6
128,GNWT,On,4.460647871408111,0.6
104,GNWT,On,3.869618712537438,0.6
183,GNWT,On,4.344013600589779,0.6
827,GNWT,On,2.621334493867179,0.6
827,GNWT,On,2.78107674976933,0.6
168,GNWT,On,4.285862954730777,0.6
100,GNWT,On,3.2526180955271697,0.6
114,GNWT,On,3.350648544324896,0.6
150,GNWT,On,4.255877647105344,0.6
163,GNWT,On,3.9758263181385045,0.6
117,GNWT,On,5.079581386368563,0.6
776,GNWT,On,3.462335490434793,0.6
141,GNWT,On,2.5345515082851517,0.6
93,GNWT,On,3.4597745639603836,0.6
181,GNWT,On,3.8392372906803405,0.6
178,GNWT,On,3.2812078241174216,0.6
74,GNWT,On,3.357327092699342,0.6
148,GNWT,On,3.2352591455230857,0.6
170,GNWT,On,6.080215077596289,0.6
152,GNWT,On,4.913888591724454,0.6
107,GNWT,On,4.3751038305413426,0.6
239,GNWT,On,3.7759203362640865,0.6
166,GNWT,On,2.9781155297326194,0.6
218,GNWT,On,3.2356839800557906,0.6
46,GNWT,On,3.6584495800628596,0.6
667,GNWT,On,3.5150095592092776,0.6
286,GNWT,On,3.106968548783891,0.6
71,GNWT,On,3.0472344959740454,0.6
359,GNWT,On,4.567728585911782,0.6
151,GNWT,On,3.568904302687202,0.6
135,GNWT,On,3.984798225266498,0.6
235,GNWT,On,5.245360703594816,0.6
122,GNWT,On,4.150242199095249,0.6
77,GNWT,On,2.9715617443997684,0.6
181,GNWT,On,4.331779315404861,0.6
488,GNWT,On,3.831800221909782,0.6
123,GNWT,On,3.35013696327966,0.6
968,GNWT,Off,1.8670445166553098,0.6
915,GNWT,Off,2.318358950572254,0.6
351,GNWT,Off,2.360667452383491,0.6
89,GNWT,Off,1.9599409628971194,0.6
89,GNWT,Off,2.0538274534778918,0.6
350,GNWT,Off,2.44635182889156,0.6
465,GNWT,Off,2.126172032118583,0.6
111,GNWT,Off,2.7028176878867,0.6
918,GNWT,Off,1.6330549350833283,0.6
74,GNWT,Off,2.4393346789856922,0.6
231,GNWT,Off,2.154858513530437,0.6
137,GNWT,Off,2.679574799568602,0.6
79,GNWT,Off,2.328776111205394,0.6
501,GNWT,Off,2.863045994427159,0.6
233,GNWT,Off,3.5523957804490185,0.6
668,GNWT,Off,1.9155909765664954,0.6
764,GNWT,Off,1.838185860019732,0.6
141,GNWT,Off,1.5768973605710765,0.6
43,GNWT,Off,1.9655316521664434,0.6
71,GNWT,Off,2.1638193624566875,0.6
622,GNWT,Off,2.6019991296538842,0.6
204,GNWT,Off,2.0960620456457826,0.6
911,GNWT,Off,1.988794487364005,0.6
329,GNWT,Off,1.8498631046948992,0.6
155,GNWT,Off,2.816230380251367,0.6
751,GNWT,Off,1.838862029055009,0.6
112,GNWT,Off,2.2397670025654723,0.6
0,GNWT,Off,2.440622909774117,0.6
97,GNWT,Off,2.3847472029912278,0.6
104,GNWT,Off,2.2126407470567804,0.6
524,GNWT,Off,2.9486249295534814,0.6
80,GNWT,Off,1.8009525859683544,0.6
483,GNWT,Off,1.619407224928401,0.6
773,GNWT,Off,2.370319054915004,0.6
813,GNWT,Off,1.8727807175383262,0.6
97,GNWT,Off,2.8456006242446343,0.6
842,GNWT,Off,1.5903443128054486,0.6
95,GNWT,Off,2.3995876679056507,0.6
111,GNWT,Off,2.336425418093501,0.6
293,GNWT,Off,2.2068564672614306,0.6
156,GNWT,Off,2.218526556705483,0.6
667,GNWT,Off,2.6791018469229884,0.6
384,GNWT,Off,2.0317394712954573,0.6
356,GNWT,Off,2.252103287340889,0.6
231,GNWT,Off,2.9648039578206133,0.6
175,GNWT,Off,2.7127464438332685,0.6
344,GNWT,Off,2.1354085059940258,0.6
184,GNWT,Off,2.3165341988984327,0.6
592,GNWT,Off,2.5532442167550715,0.6
385,GNWT,Off,2.4709202162851454,0.6
142,GNWT,Off,2.679518070556137,0.6
797,GNWT,Off,2.5907653064389953,0.6
989,GNWT,Off,2.371394153725284,0.6
823,GNWT,Off,2.8902711755265824,0.6
820,GNWT,Off,2.2768098261434258,0.6
169,GNWT,Off,2.233477717805703,0.6
505,GNWT,Off,2.4388082841301264,0.6
480,GNWT,Off,2.5384529523228374,0.6
974,GNWT,Off,1.8048522931479516,0.6
651,GNWT,Off,1.7300813669112292,0.6
367,GNWT,Off,1.955211979703797,0.6
745,GNWT,Off,2.160278779175649,0.6
405,GNWT,Off,3.1091582034805874,0.6
383,GNWT,Off,2.4780399569850267,0.6
123,GNWT,Off,2.825715016970767,0.6
118,GNWT,Off,2.178098023234864,0.6
767,GNWT,Off,2.8424472115311294,0.6
380,GNWT,Off,1.8749966289892201,0.6
151,GNWT,Off,2.23821565318037,0.6
822,GNWT,Off,2.317754558011142,0.6
72,GNWT,Off,2.044572612355197,0.6
254,GNWT,Off,2.283821375251549,0.6
133,GNWT,Off,2.5924010249871325,0.6
188,GNWT,Off,2.1844777793773535,0.6
67,GNWT,Off,2.8233880049036264,0.6
258,GNWT,Off,2.1719397287301843,0.6
430,GNWT,Off,2.3560487200529896,0.6
149,GNWT,Off,2.669880698961518,0.6
435,GNWT,Off,1.7750816210503568,0.6
94,GNWT,Off,2.6947927279530073,0.6
123,GNWT,Off,1.9690284846602764,0.6
450,GNWT,Off,2.27806025035937,0.6
882,GNWT,Off,2.2581712734424313,0.6
53,GNWT,Off,2.004189270514449,0.6
590,GNWT,Off,2.923457513992804,0.6
95,GNWT,Off,2.180342701324498,0.6
570,GNWT,Off,2.1067006562167485,0.6
117,GNWT,Off,2.2480722000128184,0.6
67,GNWT,Off,2.182455711277244,0.6
79,GNWT,Off,2.462795269668421,0.6
865,GNWT,Off,1.9493657975607592,0.6
268,GNWT,Off,1.7014940684892215,0.6
76,GNWT,Off,2.232705039303092,0.6
542,GNWT,Off,2.067078174645702,0.6
0,GNWT,Off,1.9367302324678448,0.6
667,GNWT,Off,2.5241704611812747,0.6
658,GNWT,Off,4.590527060965399,0.6
114,GNWT,Off,1.9973120928147223,0.6
157,GNWT,Off,2.542786925818863,0.6
221,GNWT,Off,2.3384626670387263,0.6
165,IIT,On,13.251238004966071,0.7
99,IIT,On,11.702703649540707,0.7
209,IIT,On,11.920353805060431,0.7
151,IIT,On,10.536347648969903,0.7
217,IIT,On,14.000715220381341,0.7
168,IIT,On,11.834442632924107,0.7
213,IIT,On,11.578865003896183,0.7
206,IIT,On,12.270767946457953,0.7
163,IIT,On,17.064391615665087,0.7
149,IIT,On,12.936848849546134,0.7
240,IIT,On,11.54127696855058,0.7
365,IIT,On,14.248796187838431,0.7
211,IIT,On,13.883646766704482,0.7
209,IIT,On,9.926152518152122,0.7
163,IIT,On,11.421319314975475,0.7
207,IIT,On,13.52043737547522,0.7
107,IIT,On,12.181418998688006,0.7
201,IIT,On,14.283364904923975,0.7
128,IIT,On,11.808280869148781,0.7
153,IIT,On,13.942855766822293,0.7
189,IIT,On,12.517078229804687,0.7
242,IIT,On,11.567372265964966,0.7
248,IIT,On,11.835202006868345,0.7
153,IIT,On,12.210128209398135,0.7
140,IIT,On,11.886085224800187,0.7
174,IIT,On,13.456304418335707,0.7
217,IIT,On,11.092800012403849,0.7
143,IIT,On,11.661927878726418,0.7
189,IIT,On,13.518022261566623,0.7
167,IIT,On,14.365003273328803,0.7
174,IIT,On,12.91414161761798,0.7
172,IIT,On,12.481048381089428,0.7
292,IIT,On,11.38312807468289,0.7
222,IIT,On,12.157597665353588,0.7
160,IIT,On,10.780303885583237,0.7
192,IIT,On,13.565647445520653,0.7
141,IIT,On,10.579445076641932,0.7
176,IIT,On,14.17725726671175,0.7
208,IIT,On,10.371628269752792,0.7
129,IIT,On,13.108286652460789,0.7
277,IIT,On,13.42678299586354,0.7
178,IIT,On,14.913666614769893,0.7
142,IIT,On,15.042408066174348,0.7
248,IIT,On,14.260704626394736,0.7
268,IIT,On,13.183076461383076,0.7
190,IIT,On,13.685528271056173,0.7
225,IIT,On,11.667804829479483,0.7
179,IIT,On,13.186257349277902,0.7
256,IIT,On,9.451366953099983,0.7
173,IIT,On,15.263649998051628,0.7
144,IIT,On,12.17853492893334,0.7
194,IIT,On,12.258410483013625,0.7
188,IIT,On,15.586560772454515,0.7
172,IIT,On,12.609751764129875,0.7
359,IIT,On,11.669242770249634,0.7
161,IIT,On,15.568586782771538,0.7
77,IIT,On,10.88299267507479,0.7
169,IIT,On,16.063028351198835,0.7
262,IIT,On,12.18583186410559,0.7
276,IIT,On,12.954888708241567,0.7
345,IIT,On,11.523158932759118,0.7
151,IIT,On,12.00326822227399,0.7
148,IIT,On,12.434263071172118,0.7
211,IIT,On,12.50965572974133,0.7
553,IIT,On,10.761707633434296,0.7
269,IIT,On,12.352546637796399,0.7
219,IIT,On,11.005724819248716,0.7
141,IIT,On,12.714793298224675,0.7
174,IIT,On,11.788220697183098,0.7
128,IIT,On,13.12480631867303,0.7
121,IIT,On,13.012259831795475,0.7
137,IIT,On,12.95368522252045,0.7
184,IIT,On,12.524540466651224,0.7
214,IIT,On,12.642500519240924,0.7
106,IIT,On,11.335355029633845,0.7
167,IIT,On,12.431341992521931,0.7
219,IIT,On,13.438899881475072,0.7
208,IIT,On,13.185816965164,0.7
230,IIT,On,11.028660033266046,0.7
217,IIT,On,9.723356908042511,0.7
263,IIT,On,11.536626024717329,0.7
173,IIT,On,12.694130303255696,0.7
166,IIT,On,11.158721401094438,0.7
194,IIT,On,11.082444285177457,0.7
259,IIT,On,13.739662805893335,0.7
194,IIT,On,17.622500796659313,0.7
153,IIT,On,11.827208537055613,0.7
262,IIT,On,14.605023702592574,0.7
229,IIT,On,14.997695019688486,0.7
142,IIT,On,11.576348925053908,0.7
206,IIT,On,13.543068975823031,0.7
128,IIT,On,14.615185148754895,0.7
150,IIT,On,11.947098470902777,0.7
233,IIT,On,12.320744398344097,0.7
221,IIT,On,12.83217247592835,0.7
117,IIT,On,12.999493971932866,0.7
204,IIT,On,12.552677988740506,0.7
155,IIT,On,12.545347811645277,0.7
130,IIT,On,13.132204765803193,0.7
351,IIT,On,11.83538188909631,0.7
744,IIT,Off,3.3245169085779382,0.7
313,IIT,Off,4.231859870395991,0.7
10,IIT,Off,4.5855385588696045,0.7
373,IIT,Off,4.7304762785205705,0.7
3,IIT,Off,3.234347818513921,0.7
4,IIT,Off,4.68916129288005,0.7
1,IIT,Off,3.784183022487108,0.7
417,IIT,Off,4.143223360825158,0.7
279,IIT,Off,8.58160826395474,0.7
2,IIT,Off,4.231163073657568,0.7
359,IIT,Off,3.1147280555458656,0.7
493,IIT,Off,4.451602882043478,0.7
468,IIT,Off,3.9215736413578965,0.7
315,IIT,Off,5.828990785441103,0.7
173,IIT,Off,3.7735951974413195,0.7
249,IIT,Off,3.483402002530097,0.7
1,IIT,Off,4.271239159655421,0.7
322,IIT,Off,3.738487128360278,0.7
3,IIT,Off,4.00052406752121,0.7
252,IIT,Off,3.7702280641076626,0.7
164,IIT,Off,3.696954628712244,0.7
306,IIT,Off,4.260231446309222,0.7
160,IIT,Off,6.957680461853817,0.7
6,IIT,Off,6.443072618852694,0.7
6,IIT,Off,5.069531632786214,0.7
106,IIT,Off,6.558648261593075,0.7
150,IIT,Off,3.5171318088331027,0.7
0,IIT,Off,5.527949453308606,0.7
349,IIT,Off,3.5102773725263017,0.7
298,IIT,Off,5.068954179672162,0.7
254,IIT,Off,4.137765077535646,0.7
1,IIT,Off,4.974181871771723,0.7
228,IIT,Off,4.4326858076350595,0.7
295,IIT,Off,4.2974188852195105,0.7
10,IIT,Off,3.9492791079791068,0.7
2,IIT,Off,5.017650683763548,0.7
187,IIT,Off,3.5180584825671963,0.7
291,IIT,Off,4.256821149129911,0.7
375,IIT,Off,3.7545731675208187,0.7
317,IIT,Off,5.655817700644239,0.7
312,IIT,Off,5.105809984356843,0.7
297,IIT,Off,4.320685689983026,0.7
369,IIT,Off,4.875246005543286,0.7
7,IIT,Off,5.444473161226349,0.7
3,IIT,Off,6.217330812768749,0.7
1,IIT,Off,5.339602063898471,0.7
170,IIT,Off,6.167058233053068,0.7
296,IIT,Off,4.403488122982823,0.7
4,IIT,Off,4.137118875055469,0.7
194,IIT,Off,4.284340883566898,0.7
304,IIT,Off,5.580086522944506,0.7
285,IIT,Off,3.731634985794728,0.7
0,IIT,Off,5.893515482386278,0.7
86,IIT,Off,3.638147733771,0.7
7,IIT,Off,4.298113315558396,0.7
447,IIT,Off,4.437395422200801,0.7
57,IIT,Off,3.346592899824837,0.7
513,IIT,Off,4.026757090017026,0.7
177,IIT,Off,3.620524944224227,0.7
3,IIT,Off,5.039369201108839,0.7
12,IIT,Off,3.4600677942828715,0.7
339,IIT,Off,5.405146940490769,0.7
181,IIT,Off,5.439095408763878,0.7
216,IIT,Off,4.912997040763172,0.7
290,IIT,Off,4.391795778361497,0.7
31,IIT,Off,3.4150349574269074,0.7
318,IIT,Off,4.615069372405016,0.7
206,IIT,Off,4.578119433827313,0.7
0,IIT,Off,3.829437494577194,0.7
202,IIT,Off,4.6011954953090655,0.7
191,IIT,Off,3.6942928278167244,0.7
8,IIT,Off,4.887892115116353,0.7
10,IIT,Off,4.11805479038077,0.7
245,IIT,Off,5.623437990062715,0.7
1,IIT,Off,3.944609272705235,0.7
109,IIT,Off,5.476117021575722,0.7
9,IIT,Off,5.045882179265153,0.7
238,IIT,Off,3.529822118001011,0.7
243,IIT,Off,4.293888482895674,0.7
204,IIT,Off,4.881875254059481,0.7
277,IIT,Off,3.451988698763437,0.7
4,IIT,Off,5.569231748265154,0.7
3,IIT,Off,5.282213143133503,0.7
273,IIT,Off,5.954036267963709,0.7
348,IIT,Off,5.26315047303481,0.7
237,IIT,Off,3.8625434775842358,0.7
319,IIT,Off,4.558609459558823,0.7
2,IIT,Off,5.384869059538236,0.7
0,IIT,Off,4.742629788400642,0.7
161,IIT,Off,3.7396098252202656,0.7
410,IIT,Off,4.485551140474208,0.7
0,IIT,Off,4.022138683351591,0.7
142,IIT,Off,4.815951140276865,0.7
305,IIT,Off,3.6429207845919342,0.7
388,IIT,Off,4.734092297980615,0.7
184,IIT,Off,3.959214853960253,0.7
3,IIT,Off,5.946916425733117,0.7
18,IIT,Off,4.116989609159454,0.7
231,IIT,Off,3.455855132851473,0.7
8,IIT,Off,5.820703742551037,0.7
481,GNWT,On,4.015763108621776,0.7
759,GNWT,On,4.126070361793359,0.7
113,GNWT,On,5.084480139193202,0.7
21,GNWT,On,3.7666873498099847,0.7
269,GNWT,On,5.045558623904505,0.7
695,GNWT,On,4.630270080440756,0.7
88,GNWT,On,3.2037341603588687,0.7
123,GNWT,On,3.7243258033420203,0.7
191,GNWT,On,3.8290345289604453,0.7
996,GNWT,On,3.2517143662224943,0.7
181,GNWT,On,3.9603447643081378,0.7
151,GNWT,On,3.974091732863225,0.7
82,GNWT,On,3.333899416347666,0.7
147,GNWT,On,4.321404920419326,0.7
106,GNWT,On,6.279228104069416,0.7
156,GNWT,On,4.435828735069104,0.7
183,GNWT,On,2.9396193162140656,0.7
84,GNWT,On,4.185119005028183,0.7
236,GNWT,On,3.756878377660572,0.7
181,GNWT,On,4.10034724809034,0.7
295,GNWT,On,4.727294842911684,0.7
332,GNWT,On,3.6871703986405184,0.7
645,GNWT,On,4.377424456735553,0.7
266,GNWT,On,3.831493342741856,0.7
237,GNWT,On,4.338797870113691,0.7
209,GNWT,On,4.672945861034491,0.7
101,GNWT,On,3.7959607923605043,0.7
105,GNWT,On,5.1982697038271155,0.7
327,GNWT,On,4.19652212296745,0.7
378,GNWT,On,4.6984370488705665,0.7
286,GNWT,On,6.0254309332189075,0.7
348,GNWT,On,3.220706512725382,0.7
102,GNWT,On,5.9730278631825895,0.7
95,GNWT,On,3.8464183863162744,0.7
151,GNWT,On,5.518329605649559,0.7
373,GNWT,On,5.600650615285738,0.7
56,GNWT,On,5.169953166935722,0.7
174,GNWT,On,6.743184431264847,0.7
647,GNWT,On,5.466567066611078,0.7
172,GNWT,On,4.21119614790604,0.7
93,GNWT,On,4.4818600520975735,0.7
138,GNWT,On,5.1920756765721485,0.7
139,GNWT,On,4.8761338570531425,0.7
66,GNWT,On,4.882809939024124,0.7
620,GNWT,On,4.083464134463903,0.7
794,GNWT,On,4.512183398587522,0.7
88,GNWT,On,3.6612172108369596,0.7
116,GNWT,On,5.147146537726176,0.7
221,GNWT,On,5.582174010891963,0.7
441,GNWT,On,5.155468862435002,0.7
191,GNWT,On,5.089902177275375,0.7
722,GNWT,On,5.170376764812054,0.7
56,GNWT,On,3.11694460079362,0.7
42,GNWT,On,5.3215651775742145,0.7
59,GNWT,On,3.562161507126458,0.7
831,GNWT,On,4.421634298898127,0.7
71,GNWT,On,4.3561832884892295,0.7
223,GNWT,On,3.8341709082486743,0.7
148,GNWT,On,4.246609368134466,0.7
114,GNWT,On,3.2778187426416174,0.7
84,GNWT,On,4.421385207740896,0.7
470,GNWT,On,5.708969279136342,0.7
163,GNWT,On,5.721634223367032,0.7
128,GNWT,On,5.556680455147997,0.7
104,GNWT,On,4.762173133795308,0.7
183,GNWT,On,5.377724778089856,0.7
827,GNWT,On,3.350979078002624,0.7
827,GNWT,On,3.5610722970920348,0.7
168,GNWT,On,5.276853275518963,0.7
100,GNWT,On,3.972368091951947,0.7
114,GNWT,On,4.047948054730369,0.7
150,GNWT,On,5.339530299522423,0.7
163,GNWT,On,4.920343894132752,0.7
117,GNWT,On,6.157253630119893,0.7
776,GNWT,On,4.470240176279506,0.7
717,GNWT,On,3.2563207649559573,0.7
93,GNWT,On,4.251023913370338,0.7
181,GNWT,On,4.719183101428912,0.7
178,GNWT,On,4.02798180569915,0.7
74,GNWT,On,4.117930618076297,0.7
148,GNWT,On,3.97835816846572,0.7
170,GNWT,On,7.611271654895335,0.7
152,GNWT,On,6.067227982511501,0.7
107,GNWT,On,5.3883908873520046,0.7
239,GNWT,On,4.694564736033676,0.7
846,GNWT,On,3.8430287860844015,0.7
218,GNWT,On,4.006218696333872,0.7
46,GNWT,On,4.5848508789318085,0.7
667,GNWT,On,4.532852768691025,0.7
286,GNWT,On,3.928628408513015,0.7
71,GNWT,On,3.7314939778441607,0.7
359,GNWT,On,5.736938597429895,0.7
151,GNWT,On,4.3957949605304165,0.7
135,GNWT,On,4.900018833816364,0.7
235,GNWT,On,6.60811284475038,0.7
122,GNWT,On,5.085378917467282,0.7
77,GNWT,On,3.65361098577823,0.7
181,GNWT,On,5.34850763063306,0.7
488,GNWT,On,4.978944917496267,0.7
123,GNWT,On,4.108422409510708,0.7
968,GNWT,Off,2.5860937057001565,0.7
915,GNWT,Off,3.1325766175715275,0.7
351,GNWT,Off,3.197107607338129,0.7
89,GNWT,Off,2.47752264506017,0.7
89,GNWT,Off,2.60093692395841,0.7
350,GNWT,Off,3.234213573647694,0.7
465,GNWT,Off,2.8344060639752686,0.7
111,GNWT,Off,3.5023682878636766,0.7
918,GNWT,Off,2.2203604524277956,0.7
74,GNWT,Off,3.1373741157291586,0.7
231,GNWT,Off,2.790429217737071,0.7
137,GNWT,Off,3.4491078245418847,0.7
186,GNWT,Off,3.0359368424055173,0.7
501,GNWT,Off,3.879395956489269,0.7
233,GNWT,Off,4.803984578991161,0.7
668,GNWT,Off,2.5956314194079626,0.7
764,GNWT,Off,2.5129215344249443,0.7
952,GNWT,Off,2.0623636739927003,0.7
43,GNWT,Off,2.559625513716505,0.7
71,GNWT,Off,2.7666904338329013,0.7
622,GNWT,Off,3.5353278162948363,0.7
204,GNWT,Off,2.8170915107347896,0.7
911,GNWT,Off,2.732052662437998,0.7
329,GNWT,Off,2.467498782321616,0.7
155,GNWT,Off,3.676494695355807,0.7
751,GNWT,Off,2.474831687941347,0.7
497,GNWT,Off,3.0175460420010896,0.7
278,GNWT,Off,3.1290725897648226,0.7
97,GNWT,Off,3.0611204780557046,0.7
104,GNWT,Off,2.818351875114789,0.7
524,GNWT,Off,4.066652227716312,0.7
80,GNWT,Off,2.2804555652314153,0.7
483,GNWT,Off,2.1909524970110934,0.7
773,GNWT,Off,3.1705676955326267,0.7
813,GNWT,Off,2.5567342530411286,0.7
97,GNWT,Off,3.63051764247258,0.7
842,GNWT,Off,2.22311485289183,0.7
697,GNWT,Off,3.208470151356754,0.7
111,GNWT,Off,2.9848556740713983,0.7
293,GNWT,Off,2.9264165144585275,0.7
156,GNWT,Off,2.8717557252047743,0.7
667,GNWT,Off,3.6652524191585325,0.7
384,GNWT,Off,2.6882825515974065,0.7
356,GNWT,Off,2.9521941480777603,0.7
231,GNWT,Off,4.049535575826407,0.7
175,GNWT,Off,3.532952077286964,0.7
344,GNWT,Off,2.847270985023549,0.7
184,GNWT,Off,3.0091541311313175,0.7
592,GNWT,Off,3.439893517840739,0.7
980,GNWT,Off,3.3432305293257154,0.7
142,GNWT,Off,3.4844180793665167,0.7
797,GNWT,Off,3.496662932432443,0.7
989,GNWT,Off,3.222581504096856,0.7
823,GNWT,Off,3.9283076314849317,0.7
820,GNWT,Off,3.082475362730994,0.7
169,GNWT,Off,2.8600987065238264,0.7
505,GNWT,Off,3.3700294564258058,0.7
480,GNWT,Off,3.381924331366059,0.7
974,GNWT,Off,2.4531444928754502,0.7
651,GNWT,Off,2.3287020700036782,0.7
367,GNWT,Off,2.549172980904236,0.7
745,GNWT,Off,2.9536078744679286,0.7
405,GNWT,Off,4.107982384153011,0.7
383,GNWT,Off,3.262353040078783,0.7
123,GNWT,Off,3.657799623479472,0.7
386,GNWT,Off,2.868964130079356,0.7
767,GNWT,Off,3.880590177683459,0.7
380,GNWT,Off,2.505982117454421,0.7
151,GNWT,Off,2.8652038670288715,0.7
822,GNWT,Off,3.1440761722844255,0.7
421,GNWT,Off,2.6806343647586295,0.7
254,GNWT,Off,3.108035006898049,0.7
133,GNWT,Off,3.329093637061273,0.7
188,GNWT,Off,2.905497233080471,0.7
67,GNWT,Off,3.6565605305862325,0.7
258,GNWT,Off,2.9619380947563343,0.7
430,GNWT,Off,3.186694774201531,0.7
149,GNWT,Off,3.402914335474121,0.7
435,GNWT,Off,2.3465156847186286,0.7
94,GNWT,Off,3.4977248345368075,0.7
123,GNWT,Off,2.487053232939523,0.7
450,GNWT,Off,2.9864989188226176,0.7
882,GNWT,Off,3.0710845392320656,0.7
53,GNWT,Off,2.6069059598150903,0.7
590,GNWT,Off,4.006006884494131,0.7
95,GNWT,Off,2.801214238673401,0.7
570,GNWT,Off,2.819751908001291,0.7
117,GNWT,Off,2.847555231663159,0.7
67,GNWT,Off,2.7966226566137102,0.7
79,GNWT,Off,3.1360486431856383,0.7
865,GNWT,Off,2.663051736180832,0.7
268,GNWT,Off,2.3053107436151077,0.7
76,GNWT,Off,2.8261552704146493,0.7
542,GNWT,Off,2.8001997105551286,0.7
267,GNWT,Off,2.5746806554019637,0.7
667,GNWT,Off,3.4624405525485846,0.7
658,GNWT,Off,6.218930030981536,0.7
114,GNWT,Off,2.531343812486547,0.7
157,GNWT,Off,3.3473105660192046,0.7
221,GNWT,Off,3.1547603338247145,0.7
165,IIT,On,14.672127594491227,0.8
99,IIT,On,13.176677978309874,0.8
209,IIT,On,13.118812074703069,0.8
151,IIT,On,11.421282065747915,0.8
217,IIT,On,15.607859484214249,0.8
168,IIT,On,13.123893152757894,0.8
213,IIT,On,12.727344239408513,0.8
206,IIT,On,13.504392477890326,0.8
163,IIT,On,19.236048453087815,0.8
149,IIT,On,14.327710449289984,0.8
240,IIT,On,12.702383650299785,0.8
365,IIT,On,16.503191025133123,0.8
211,IIT,On,15.491917332726464,0.8
793,IIT,On,10.892325091856495,0.8
163,IIT,On,12.454335512545121,0.8
207,IIT,On,14.959542683978766,0.8
107,IIT,On,13.699698224148877,0.8
201,IIT,On,15.848776897391772,0.8
128,IIT,On,13.025659382413476,0.8
153,IIT,On,15.529482573932404,0.8
189,IIT,On,13.786269374131335,0.8
242,IIT,On,12.878000917219083,0.8
248,IIT,On,13.13708673349766,0.8
153,IIT,On,13.424476138801936,0.8
140,IIT,On,13.139252999330939,0.8
174,IIT,On,14.846487984409707,0.8
217,IIT,On,12.186295576252766,0.8
143,IIT,On,12.808387691492145,0.8
189,IIT,On,14.974411362682204,0.8
167,IIT,On,16.089779881213328,0.8
174,IIT,On,14.318782686900786,0.8
172,IIT,On,13.741639357988054,0.8
292,IIT,On,12.788532702517006,0.8
222,IIT,On,13.421420828893506,0.8
160,IIT,On,11.715891126402399,0.8
192,IIT,On,15.058444454673204,0.8
670,IIT,On,11.930608599483636,0.8
176,IIT,On,15.802760043065094,0.8
277,IIT,On,11.430844344771637,0.8
129,IIT,On,14.70249327727283,0.8
277,IIT,On,15.02368563212923,0.8
178,IIT,On,16.590256375845712,0.8
142,IIT,On,16.870349140301705,0.8
248,IIT,On,15.997821182164698,0.8
268,IIT,On,14.75112999697737,0.8
190,IIT,On,15.31479133316352,0.8
225,IIT,On,12.808262408944616,0.8
179,IIT,On,14.65004748179863,0.8
256,IIT,On,10.410810089855095,0.8
173,IIT,On,17.15668071751844,0.8
144,IIT,On,13.469854844419098,0.8
194,IIT,On,13.430937057045567,0.8
188,IIT,On,17.49571797795334,0.8
172,IIT,On,13.86612403239786,0.8
359,IIT,On,13.345610091606334,0.8
161,IIT,On,17.511599527976905,0.8
77,IIT,On,12.416582735974405,0.8
169,IIT,On,18.077171810838728,0.8
262,IIT,On,13.63104690119952,0.8
276,IIT,On,14.624045556662834,0.8
345,IIT,On,12.98291783114805,0.8
151,IIT,On,13.182366523707469,0.8
148,IIT,On,13.8124514456144,0.8
211,IIT,On,13.836302686161078,0.8
553,IIT,On,12.680844497756755,0.8
346,IIT,On,13.776955605309766,0.8
219,IIT,On,12.094199593497907,0.8
141,IIT,On,14.071101406829994,0.8
776,IIT,On,13.400278449645503,0.8
128,IIT,On,14.624033969664719,0.8
121,IIT,On,14.615558774253566,0.8
137,IIT,On,14.365362935130705,0.8
184,IIT,On,13.831921900356207,0.8
214,IIT,On,13.967511679255129,0.8
106,IIT,On,12.614786684609312,0.8
167,IIT,On,13.724508468828327,0.8
219,IIT,On,14.979647042946334,0.8
208,IIT,On,14.675530701027206,0.8
230,IIT,On,12.01201943937398,0.8
217,IIT,On,10.608879411055062,0.8
263,IIT,On,12.840571840356173,0.8
173,IIT,On,14.152022177224074,0.8
185,IIT,On,12.197921022632421,0.8
194,IIT,On,12.106632593209092,0.8
259,IIT,On,15.444505561720284,0.8
194,IIT,On,19.93669178414762,0.8
153,IIT,On,12.965749458222142,0.8
262,IIT,On,16.407854821712217,0.8
229,IIT,On,16.94781454903381,0.8
268,IIT,On,12.859395606889132,0.8
206,IIT,On,15.13833399816236,0.8
128,IIT,On,16.42145812499696,0.8
150,IIT,On,13.137130625301658,0.8
233,IIT,On,13.608980976378701,0.8
221,IIT,On,14.21190772517615,0.8
117,IIT,On,14.626315647122158,0.8
204,IIT,On,13.921871982600559,0.8
155,IIT,On,13.863629979541795,0.8
130,IIT,On,14.597064664540216,0.8
351,IIT,On,13.459325524977936,0.8
744,IIT,Off,4.3428657155328825,0.8
313,IIT,Off,5.1163637783052085,0.8
873,IIT,Off,5.826315612856261,0.8
373,IIT,Off,5.783098135163849,0.8
244,IIT,Off,3.81418543111518,0.8
4,IIT,Off,5.415513871361642,0.8
1,IIT,Off,4.258692618134376,0.8
417,IIT,Off,5.1240058325785975,0.8
279,IIT,Off,10.621304233653378,0.8
431,IIT,Off,5.157083712797206,0.8
359,IIT,Off,3.7306888734259784,0.8
493,IIT,Off,5.618478994115752,0.8
468,IIT,Off,4.935636652661788,0.8
315,IIT,Off,7.141745026736998,0.8
468,IIT,Off,4.617042212387169,0.8
249,IIT,Off,4.1854723582783455,0.8
1,IIT,Off,4.799473072990572,0.8
322,IIT,Off,4.527885568548034,0.8
3,IIT,Off,4.563948387981793,0.8
252,IIT,Off,4.534898963988687,0.8
164,IIT,Off,4.443284498836324,0.8
306,IIT,Off,5.180754528241665,0.8
160,IIT,Off,8.551926651455963,0.8
6,IIT,Off,7.5561310408686095,0.8
6,IIT,Off,5.906835584562599,0.8
106,IIT,Off,8.077820627643124,0.8
150,IIT,Off,4.2118851011792975,0.8
0,IIT,Off,6.307150282073479,0.8
349,IIT,Off,4.27713237339203,0.8
298,IIT,Off,6.164175498810117,0.8
254,IIT,Off,5.009600256245898,0.8
1,IIT,Off,5.745408804470373,0.8
228,IIT,Off,5.375205403640547,0.8
295,IIT,Off,5.206734066852358,0.8
10,IIT,Off,4.595524010689315,0.8
256,IIT,Off,6.016391903655441,0.8
915,IIT,Off,4.262218023727312,0.8
291,IIT,Off,5.157412765711421,0.8
375,IIT,Off,4.618963806789106,0.8
317,IIT,Off,6.9152912335410095,0.8
312,IIT,Off,6.236046120329798,0.8
297,IIT,Off,5.251940902565823,0.8
369,IIT,Off,5.988268514048423,0.8
7,IIT,Off,6.4292841358889685,0.8
636,IIT,Off,7.620868581467025,0.8
1,IIT,Off,6.095998394591469,0.8
170,IIT,Off,7.557051298659664,0.8
296,IIT,Off,5.3308564183828535,0.8
176,IIT,Off,4.834726620457237,0.8
194,IIT,Off,5.18434976271269,0.8
304,IIT,Off,6.837201225841033,0.8
285,IIT,Off,4.4880401970543184,0.8
0,IIT,Off,6.685617496996489,0.8
86,IIT,Off,4.41811312742928,0.8
7,IIT,Off,4.935410841353087,0.8
447,IIT,Off,5.537640787054095,0.8
57,IIT,Off,4.229923632581505,0.8
513,IIT,Off,5.087036010073963,0.8
177,IIT,Off,4.350842367454738,0.8
3,IIT,Off,5.78891641017863,0.8
898,IIT,Off,4.134143139861277,0.8
339,IIT,Off,6.628323588290537,0.8
181,IIT,Off,6.628762352581198,0.8
216,IIT,Off,5.972164502143661,0.8
290,IIT,Off,5.313862227886747,0.8
31,IIT,Off,4.283137237123333,0.8
318,IIT,Off,5.618774686156153,0.8
206,IIT,Off,5.543422759790941,0.8
155,IIT,Off,4.3681762817808165,0.8
202,IIT,Off,5.578733635723277,0.8
191,IIT,Off,4.438316391155046,0.8
8,IIT,Off,5.680928137588924,0.8
10,IIT,Off,4.837694949060902,0.8
245,IIT,Off,6.878279233968385,0.8
119,IIT,Off,4.6335131419607185,0.8
109,IIT,Off,6.701190300338796,0.8
9,IIT,Off,6.014346781945341,0.8
238,IIT,Off,4.232370276944211,0.8
243,IIT,Off,5.2049446084625375,0.8
204,IIT,Off,5.948834246653484,0.8
277,IIT,Off,4.153678477594318,0.8
4,IIT,Off,6.429390307069901,0.8
15,IIT,Off,6.220968200262192,0.8
273,IIT,Off,7.29394876386493,0.8
348,IIT,Off,6.485154800689144,0.8
237,IIT,Off,4.648075203449772,0.8
319,IIT,Off,5.539044937592418,0.8
2,IIT,Off,6.119737212005671,0.8
0,IIT,Off,5.328419146268461,0.8
161,IIT,Off,4.493204650981744,0.8
410,IIT,Off,5.518871760942533,0.8
0,IIT,Off,4.498026377536299,0.8
142,IIT,Off,5.857162259812049,0.8
305,IIT,Off,4.396719400170566,0.8
388,IIT,Off,5.896751849275754,0.8
184,IIT,Off,4.770472197227389,0.8
402,IIT,Off,6.949107357479419,0.8
18,IIT,Off,4.956450761976023,0.8
231,IIT,Off,4.137102099848205,0.8
8,IIT,Off,6.891562880458095,0.8
481,GNWT,On,4.992866329672733,0.8
759,GNWT,On,5.134329757212789,0.8
113,GNWT,On,6.1120387902100175,0.8
21,GNWT,On,4.6695097580496645,0.8
269,GNWT,On,6.255022930283556,0.8
695,GNWT,On,5.791619297017166,0.8
220,GNWT,On,3.8180066474560816,0.8
123,GNWT,On,4.384555161936626,0.8
844,GNWT,On,4.701663950417665,0.8
996,GNWT,On,4.071661428500588,0.8
181,GNWT,On,4.789870356349542,0.8
151,GNWT,On,4.761954720517493,0.8
82,GNWT,On,3.925914718898481,0.8
147,GNWT,On,5.175737098041326,0.8
106,GNWT,On,7.628715996184314,0.8
156,GNWT,On,5.392719471849757,0.8
183,GNWT,On,3.467979522821725,0.8
84,GNWT,On,5.0518320039281175,0.8
236,GNWT,On,4.565080034947508,0.8
181,GNWT,On,4.953738530190309,0.8
295,GNWT,On,5.868495806397349,0.8
332,GNWT,On,4.590507110921038,0.8
645,GNWT,On,5.504221782252686,0.8
266,GNWT,On,4.66098831321183,0.8
237,GNWT,On,5.281984954274611,0.8
209,GNWT,On,5.622693793781176,0.8
101,GNWT,On,4.511880830951273,0.8
105,GNWT,On,6.267496319375881,0.8
327,GNWT,On,5.180074049483076,0.8
378,GNWT,On,5.839142430656511,0.8
286,GNWT,On,7.462587564237431,0.8
348,GNWT,On,3.9584280311995212,0.8
102,GNWT,On,7.230399491922349,0.8
95,GNWT,On,4.556328698453452,0.8
151,GNWT,On,6.647443700380058,0.8
373,GNWT,On,7.0524657725398825,0.8
56,GNWT,On,6.3366229541392896,0.8
174,GNWT,On,8.05085743148016,0.8
647,GNWT,On,6.906707709365855,0.8
172,GNWT,On,5.051451339493385,0.8
93,GNWT,On,5.3921479130443375,0.8
138,GNWT,On,6.294967236210561,0.8
836,GNWT,On,5.905675888839434,0.8
66,GNWT,On,5.897854051804262,0.8
620,GNWT,On,5.151456863433752,0.8
794,GNWT,On,5.663911720454854,0.8
88,GNWT,On,4.376842637648387,0.8
116,GNWT,On,6.233352262065269,0.8
221,GNWT,On,6.78877477773536,0.8
441,GNWT,On,6.466480666952641,0.8
191,GNWT,On,6.161350741500388,0.8
722,GNWT,On,6.2821226229449625,0.8
56,GNWT,On,3.7377543153228876,0.8
42,GNWT,On,6.5677640202933,0.8
436,GNWT,On,4.437428891290036,0.8
831,GNWT,On,5.581610828691763,0.8
71,GNWT,On,5.262222682943418,0.8
223,GNWT,On,4.669740163009468,0.8
148,GNWT,On,5.079685316209508,0.8
286,GNWT,On,3.99681730910242,0.8
84,GNWT,On,5.305933294868527,0.8
470,GNWT,On,7.213032695357442,0.8
163,GNWT,On,6.918426926362195,0.8
270,GNWT,On,6.78820197211183,0.8
104,GNWT,On,5.747268520672706,0.8
183,GNWT,On,6.521662773530951,0.8
827,GNWT,On,4.170100333347679,0.8
827,GNWT,On,4.437361890034963,0.8
168,GNWT,On,6.37081776305438,0.8
100,GNWT,On,4.763998051347815,0.8
114,GNWT,On,4.811112917007878,0.8
150,GNWT,On,6.5459574574576225,0.8
163,GNWT,On,5.965426291939258,0.8
117,GNWT,On,7.338519132475717,0.8
776,GNWT,On,5.6067292443528105,0.8
717,GNWT,On,4.081868549088663,0.8
703,GNWT,On,5.159866523832675,0.8
181,GNWT,On,5.6898421298331785,0.8
178,GNWT,On,4.851253234019144,0.8
74,GNWT,On,4.956126500630833,0.8
148,GNWT,On,4.798210490206687,0.8
170,GNWT,On,9.314077931745581,0.8
152,GNWT,On,7.342037763421697,0.8
107,GNWT,On,6.507124861721691,0.8
239,GNWT,On,5.713133015182224,0.8
846,GNWT,On,4.818609574854984,0.8
218,GNWT,On,4.858971266048021,0.8
46,GNWT,On,5.615694130535778,0.8
667,GNWT,On,5.679945349835203,0.8
286,GNWT,On,4.846576155182615,0.8
71,GNWT,On,4.485000936375746,0.8
359,GNWT,On,7.03924174747577,0.8
151,GNWT,On,5.308765528626098,0.8
135,GNWT,On,5.9097672908592935,0.8
235,GNWT,On,8.128056944752961,0.8
122,GNWT,On,6.115445210909377,0.8
77,GNWT,On,4.4060629657814205,0.8
181,GNWT,On,6.47231987994295,0.8
488,GNWT,On,6.276084368161903,0.8
433,GNWT,On,5.080489536097074,0.8
968,GNWT,Off,3.422014742752664,0.8
915,GNWT,Off,4.06910176386348,0.8
351,GNWT,Off,4.160152257765872,0.8
89,GNWT,Off,3.055681317685083,0.8
89,GNWT,Off,3.2125759309750612,0.8
350,GNWT,Off,4.13187781724653,0.8
465,GNWT,Off,3.644277032258484,0.8
111,GNWT,Off,4.4053737872563286,0.8
918,GNWT,Off,2.8977041447549774,0.8
74,GNWT,Off,3.9231324426243055,0.8
231,GNWT,Off,3.5080238859180457,0.8
137,GNWT,Off,4.315649255842188,0.8
186,GNWT,Off,3.837509152804478,0.8
501,GNWT,Off,5.049829961997032,0.8
233,GNWT,Off,6.244095149823547,0.8
668,GNWT,Off,3.3787730680275554,0.8
764,GNWT,Off,3.2929266500565197,0.8
952,GNWT,Off,2.687775548842339,0.8
43,GNWT,Off,3.23205513826396,0.8
71,GNWT,Off,3.44355431278248,0.8
622,GNWT,Off,4.611421901418643,0.8
204,GNWT,Off,3.6445115500443914,0.8
911,GNWT,Off,3.593064962065674,0.8
329,GNWT,Off,3.1739493102482337,0.8
155,GNWT,Off,4.651245838663209,0.8
751,GNWT,Off,3.2050777239947945,0.8
497,GNWT,Off,3.9513964140574673,0.8
278,GNWT,Off,4.017542182564059,0.8
97,GNWT,Off,3.821825358113075,0.8
104,GNWT,Off,3.4972543676340515,0.8
524,GNWT,Off,5.3640059448314155,0.8
80,GNWT,Off,2.8164885480867072,0.8
483,GNWT,Off,2.848715978640474,0.8
773,GNWT,Off,4.087002193061126,0.8
813,GNWT,Off,3.3469329303693796,0.8
97,GNWT,Off,4.510919959238241,0.8
842,GNWT,Off,2.9616143896892244,0.8
697,GNWT,Off,4.163577407523401,0.8
329,GNWT,Off,3.7242750508623597,0.8
293,GNWT,Off,3.7473417901880066,0.8
156,GNWT,Off,3.6091609224193233,0.8
667,GNWT,Off,4.805624999981247,0.8
384,GNWT,Off,3.4365951673166037,0.8
356,GNWT,Off,3.7468923708330784,0.8
231,GNWT,Off,5.303030473477022,0.8
175,GNWT,Off,4.4613382507028465,0.8
344,GNWT,Off,3.6613597345898925,0.8
184,GNWT,Off,3.792235267254428,0.8
592,GNWT,Off,4.458443075105661,0.8
980,GNWT,Off,4.356568491506104,0.8
142,GNWT,Off,4.394875576802462,0.8
797,GNWT,Off,4.538126018068267,0.8
989,GNWT,Off,4.204045232789934,0.8
823,GNWT,Off,5.125297479311491,0.8
820,GNWT,Off,4.009949360548981,0.8
169,GNWT,Off,3.564101641059834,0.8
505,GNWT,Off,4.451507389933879,0.8
480,GNWT,Off,4.346180446093062,0.8
974,GNWT,Off,3.2007197781097543,0.8
651,GNWT,Off,3.0160973986226183,0.8
367,GNWT,Off,3.221798819413878,0.8
745,GNWT,Off,3.8707574559230244,0.8
405,GNWT,Off,5.245708274297077,0.8
383,GNWT,Off,4.154332097107425,0.8
123,GNWT,Off,4.597116109600587,0.8
386,GNWT,Off,3.766093203011609,0.8
767,GNWT,Off,5.080005941263405,0.8
380,GNWT,Off,3.228323714788093,0.8
610,GNWT,Off,3.600736994040133,0.8
822,GNWT,Off,4.096135832679596,0.8
421,GNWT,Off,3.40998676803817,0.8
254,GNWT,Off,4.058984883185752,0.8
133,GNWT,Off,4.1577955242349285,0.8
188,GNWT,Off,3.7291701347741175,0.8
67,GNWT,Off,4.597306358366165,0.8
258,GNWT,Off,3.8742292620963474,0.8
430,GNWT,Off,4.142529905610853,0.8
149,GNWT,Off,4.224755515157829,0.8
435,GNWT,Off,2.9975599849577765,0.8
94,GNWT,Off,4.405207744386911,0.8
507,GNWT,Off,3.152761715889656,0.8
450,GNWT,Off,3.7907059557036287,0.8
882,GNWT,Off,4.008727670864159,0.8
291,GNWT,Off,3.424263963089436,0.8
590,GNWT,Off,5.258721234834475,0.8
95,GNWT,Off,3.4997703622441114,0.8
570,GNWT,Off,3.636555959979422,0.8
117,GNWT,Off,3.517811118932415,0.8
67,GNWT,Off,3.486837178882297,0.8
79,GNWT,Off,3.890554612437179,0.8
865,GNWT,Off,3.4878363215655575,0.8
268,GNWT,Off,3.0006438283649297,0.8
76,GNWT,Off,3.4894637699078856,0.8
542,GNWT,Off,3.6443793522224786,0.8
267,GNWT,Off,3.398766420628933,0.8
667,GNWT,Off,4.5486782275410595,0.8
658,GNWT,Off,8.094053437886117,0.8
969,GNWT,Off,3.246965796340182,0.8
157,GNWT,Off,4.262240815513585,0.8
221,GNWT,Off,4.093037691208465,0.8
165,IIT,On,16.16536647957559,0.9
471,IIT,On,15.219862679235659,0.9
209,IIT,On,14.374665458094551,0.9
151,IIT,On,12.34189552350932,0.9
217,IIT,On,17.302303390716975,0.9
168,IIT,On,14.480006515861955,0.9
365,IIT,On,14.165108761735542,0.9
206,IIT,On,14.797093343389855,0.9
163,IIT,On,21.537740096515023,0.9
149,IIT,On,15.789571040164052,0.9
240,IIT,On,13.91913138103054,0.9
365,IIT,On,18.923075746793103,0.9
211,IIT,On,17.188304516333893,0.9
793,IIT,On,12.743692511883777,0.9
163,IIT,On,13.532067649885681,0.9
207,IIT,On,16.471413063719545,0.9
107,IIT,On,15.307121920103677,0.9
201,IIT,On,17.495569444249227,0.9
128,IIT,On,14.302750604633728,0.9
153,IIT,On,17.201586521719587,0.9
189,IIT,On,15.116737314725397,0.9
242,IIT,On,14.258948955813526,0.9
248,IIT,On,14.50688902499132,0.9
137,IIT,On,14.70198723572337,0.9
140,IIT,On,14.455213739782497,0.9
174,IIT,On,16.304996166060086,0.9
217,IIT,On,13.33118458299099,0.9
143,IIT,On,14.008589850099192,0.9
189,IIT,On,16.505292397476904,0.9
167,IIT,On,17.912315962894702,0.9
174,IIT,On,15.795921681810078,0.9
172,IIT,On,15.06286518563656,0.9
292,IIT,On,14.275720469151834,0.9
222,IIT,On,14.747725865425249,0.9
384,IIT,On,12.815898336551072,0.9
192,IIT,On,16.62914647531096,0.9
670,IIT,On,13.82414978482255,0.9
176,IIT,On,17.51646170233926,0.9
277,IIT,On,12.575142201994668,0.9
129,IIT,On,16.388160336556307,0.9
277,IIT,On,16.710291877409254,0.9
178,IIT,On,18.356134901010694,0.9
142,IIT,On,18.803079460477807,0.9
248,IIT,On,17.834746446131337,0.9
268,IIT,On,16.407273805269902,0.9
190,IIT,On,17.035660145316506,0.9
225,IIT,On,14.001888260672482,0.9
179,IIT,On,16.190865254281135,0.9
696,IIT,On,11.541548166135815,0.9
173,IIT,On,19.160340320563943,0.9
144,IIT,On,14.826230117717557,0.9
307,IIT,On,14.73086489942819,0.9
188,IIT,On,19.515143313042962,0.9
172,IIT,On,15.182149129664307,0.9
359,IIT,On,15.13444538039719,0.9
161,IIT,On,19.568836548971724,0.9
77,IIT,On,14.051224050913573,0.9
169,IIT,On,20.21024573868931,0.9
262,IIT,On,15.157227781972896,0.9
276,IIT,On,16.394317285470876,0.9
345,IIT,On,14.529707781589021,0.9
151,IIT,On,14.416696128329693,0.9
148,IIT,On,15.263057046140002,0.9
211,IIT,On,15.2297951602114,0.9
553,IIT,On,14.75735663536498,0.9
346,IIT,On,15.518734816572557,0.9
219,IIT,On,13.233992098938732,0.9
141,IIT,On,15.496130472798608,0.9
776,IIT,On,15.609673572224779,0.9
128,IIT,On,16.204321809647553,0.9
121,IIT,On,16.311978908241482,0.9
137,IIT,On,15.850036091670091,0.9
184,IIT,On,15.204194399560654,0.9
214,IIT,On,15.35854100418344,0.9
106,IIT,On,13.962615216416989,0.9
167,IIT,On,15.081649263854707,0.9
219,IIT,On,16.603989219093027,0.9
208,IIT,On,16.24495470335248,0.9
230,IIT,On,13.037367037488004,0.9
217,IIT,On,11.532987060059526,0.9
263,IIT,On,14.2143161889659,0.9
242,IIT,On,15.743021936948807,0.9
185,IIT,On,13.29636178936712,0.9
194,IIT,On,13.176078146726596,0.9
259,IIT,On,17.249024711657178,0.9
194,IIT,On,22.393606085005437,0.9
153,IIT,On,14.156601989627317,0.9
262,IIT,On,18.315576253930725,0.9
229,IIT,On,19.01709059831525,0.9
268,IIT,On,14.262238155099192,0.9
206,IIT,On,16.822396690209324,0.9
128,IIT,On,18.332941879442828,0.9
150,IIT,On,14.383651430996139,0.9
233,IIT,On,14.961259066068072,0.9
221,IIT,On,15.662080190043326,0.9
117,IIT,On,16.34902038201816,0.9
204,IIT,On,15.361924496333957,0.9
155,IIT,On,15.247759142525894,0.9
130,IIT,On,16.139363087562305,0.9
351,IIT,On,15.187635500129602,0.9
744,IIT,Off,5.49706901869964,0.9
313,IIT,Off,6.084745228418623,0.9
873,IIT,Off,7.336715674419209,0.9
373,IIT,Off,6.941374209182484,0.9
694,IIT,Off,4.681953572436212,0.9
4,IIT,Off,6.19414634568924,0.9
1,IIT,Off,4.761221498987172,0.9
417,IIT,Off,6.208880154776138,0.9
279,IIT,Off,12.878267292201107,0.9
431,IIT,Off,6.3145401024227485,0.9
359,IIT,Off,4.402187409848804,0.9
493,IIT,Off,6.921024450336538,0.9
468,IIT,Off,6.066182827227838,0.9
315,IIT,Off,8.587703704429403,0.9
468,IIT,Off,5.560771831846007,0.9
249,IIT,Off,4.951951109775712,0.9
76,IIT,Off,5.423150186763961,0.9
322,IIT,Off,5.3928403756474435,0.9
26,IIT,Off,5.354261208797629,0.9
252,IIT,Off,5.370124603848512,0.9
164,IIT,Off,5.258185299053091,0.9
306,IIT,Off,6.19124557595402,0.9
160,IIT,Off,10.310481986237644,0.9
6,IIT,Off,8.757827592630573,0.9
6,IIT,Off,6.808104304156804,0.9
106,IIT,Off,9.755100402210875,0.9
932,IIT,Off,5.165404807717627,0.9
0,IIT,Off,7.137707949932929,0.9
349,IIT,Off,5.119686380277038,0.9
298,IIT,Off,7.366435022492752,0.9
254,IIT,Off,5.964719595354396,0.9
1,IIT,Off,6.572194077220857,0.9
228,IIT,Off,6.408509412121765,0.9
295,IIT,Off,6.203248500339447,0.9
23,IIT,Off,5.479526342936763,0.9
256,IIT,Off,7.184571249013483,0.9
915,IIT,Off,5.435564253982571,0.9
291,IIT,Off,6.144355475225518,0.9
375,IIT,Off,5.572823490864597,0.9
317,IIT,Off,8.30126707397854,0.9
312,IIT,Off,7.479193312295716,0.9
297,IIT,Off,6.274006919592847,0.9
369,IIT,Off,7.215626697610346,0.9
7,IIT,Off,7.495916417241851,0.9
636,IIT,Off,9.530276255061152,0.9
1,IIT,Off,6.902480644339329,0.9
170,IIT,Off,9.088187295962511,0.9
296,IIT,Off,6.346774303238903,0.9
176,IIT,Off,5.745506506874972,0.9
194,IIT,Off,6.170099520660419,0.9
304,IIT,Off,8.221912844547505,0.9
285,IIT,Off,5.3142006332733205,0.9
0,IIT,Off,7.527647340464421,0.9
994,IIT,Off,5.4992165886969415,0.9
7,IIT,Off,5.616747130966827,0.9
447,IIT,Off,6.75961446274494,0.9
57,IIT,Off,5.21659247212673,0.9
513,IIT,Off,6.271085700083923,0.9
177,IIT,Off,5.148210708573373,0.9
3,IIT,Off,6.590410497855616,0.9
898,IIT,Off,5.184794982664941,0.9
339,IIT,Off,7.9761563688321,0.9
181,IIT,Off,7.935994722893089,0.9
216,IIT,Off,7.134638078473491,0.9
290,IIT,Off,6.323726294242486,0.9
31,IIT,Off,5.2494462978409695,0.9
318,IIT,Off,6.721158336670111,0.9
206,IIT,Off,6.600998492718103,0.9
155,IIT,Off,5.170022464581163,0.9
202,IIT,Off,6.6503582742770275,0.9
186,IIT,Off,5.252885746474913,0.9
8,IIT,Off,6.533553958534831,0.9
10,IIT,Off,5.615255512665629,0.9
245,IIT,Off,8.259392145407672,0.9
119,IIT,Off,5.493970822973067,0.9
109,IIT,Off,8.049823018997785,0.9
9,IIT,Off,7.067776030266447,0.9
238,IIT,Off,4.998636117207029,0.9
243,IIT,Off,6.203584226969044,0.9
204,IIT,Off,7.121158167911687,0.9
277,IIT,Off,4.920243662996228,0.9
4,IIT,Off,7.351291437576518,0.9
15,IIT,Off,7.378014238544926,0.9
273,IIT,Off,8.76972950974422,0.9
348,IIT,Off,7.834612033479658,0.9
237,IIT,Off,5.506266741438459,0.9
319,IIT,Off,6.614901588578884,0.9
24,IIT,Off,7.184253641221886,0.9
0,IIT,Off,5.948310205511007,0.9
161,IIT,Off,5.315925260709536,0.9
410,IIT,Off,6.659206501134693,0.9
0,IIT,Off,5.000515199851884,0.9
142,IIT,Off,7.000191121543349,0.9
305,IIT,Off,5.221350372103185,0.9
388,IIT,Off,7.186950074052064,0.9
184,IIT,Off,5.657283863009187,0.9
402,IIT,Off,8.422330377414491,0.9
922,IIT,Off,6.049751315340198,0.9
231,IIT,Off,4.879594662141501,0.9
8,IIT,Off,8.052789921808346,0.9
481,GNWT,On,6.076262663075622,0.9
759,GNWT,On,6.252694308096704,0.9
113,GNWT,On,7.234100876873965,0.9
21,GNWT,On,5.669228375470676,0.9
269,GNWT,On,7.594305075611671,0.9
695,GNWT,On,7.0827861607803975,0.9
220,GNWT,On,4.5063087039092276,0.9
123,GNWT,On,5.098630130702782,0.9
844,GNWT,On,5.6881164962820385,0.9
996,GNWT,On,4.983701740600728,0.9
181,GNWT,On,5.69821295212872,0.9
565,GNWT,On,5.668498995596053,0.9
82,GNWT,On,4.566287558538053,0.9
147,GNWT,On,6.107078345075117,0.9
106,GNWT,On,9.109454361372505,0.9
156,GNWT,On,6.442993276214941,0.9
72,GNWT,On,4.058541950346219,0.9
84,GNWT,On,6.000049404399633,0.9
236,GNWT,On,5.451957571139309,0.9
181,GNWT,On,5.887745505662616,0.9
295,GNWT,On,7.132966333108123,0.9
332,GNWT,On,5.5927195424808005,0.9
645,GNWT,On,6.759927441626281,0.9
266,GNWT,On,5.571697571106485,0.9
237,GNWT,On,6.31786197313252,0.9
209,GNWT,On,6.660240866582497,0.9
101,GNWT,On,5.289609532083976,0.9
105,GNWT,On,7.436650136866603,0.9
327,GNWT,On,6.267080372171221,0.9
378,GNWT,On,7.103694400256973,0.9
286,GNWT,On,9.053311221454429,0.9
348,GNWT,On,4.772158345685057,0.9
102,GNWT,On,8.6077842169562,0.9
95,GNWT,On,5.326323550105808,0.9
151,GNWT,On,7.881578325638108,0.9
373,GNWT,On,8.671413715745683,0.9
56,GNWT,On,7.6218888062947645,0.9
174,GNWT,On,9.47434475280065,0.9
647,GNWT,On,8.515039650447152,0.9
172,GNWT,On,5.968087208410758,0.9
93,GNWT,On,6.386534565932532,0.9
138,GNWT,On,7.503994552570021,0.9
836,GNWT,On,7.244226075220078,0.9
66,GNWT,On,7.008681519350919,0.9
620,GNWT,On,6.343375708278539,0.9
794,GNWT,On,6.946412551236044,0.9
88,GNWT,On,5.156306677670675,0.9
116,GNWT,On,7.423467506848085,0.9
221,GNWT,On,8.113342605338458,0.9
441,GNWT,On,7.925854393209842,0.9
191,GNWT,On,7.335064946664723,0.9
722,GNWT,On,7.502046129645348,0.9
56,GNWT,On,4.414904691040303,0.9
42,GNWT,On,7.94494592101744,0.9
436,GNWT,On,5.429077893401738,0.9
831,GNWT,On,6.876553511777189,0.9
71,GNWT,On,6.253799801873324,0.9
223,GNWT,On,5.587609113004126,0.9
148,GNWT,On,5.987325226168729,0.9
956,GNWT,On,4.868576381121735,0.9
84,GNWT,On,6.271084224680193,0.9
470,GNWT,On,8.89275938425385,0.9
163,GNWT,On,8.228790071642237,0.9
270,GNWT,On,8.255137598503627,0.9
104,GNWT,On,6.824904873169638,0.9
183,GNWT,On,7.775827586913068,0.9
827,GNWT,On,5.078698259902342,0.9
827,GNWT,On,5.409945528598115,0.9
168,GNWT,On,7.567756417337032,0.9
100,GNWT,On,5.627507973714773,0.9
114,GNWT,On,5.640143131157423,0.9
150,GNWT,On,7.875159120910943,0.9
163,GNWT,On,7.111073511558023,0.9
117,GNWT,On,8.623377893436029,0.9
776,GNWT,On,6.871802694654701,0.9
717,GNWT,On,5.000586361709181,0.9
703,GNWT,On,6.335390495483819,0.9
181,GNWT,On,6.751214375893133,0.9
178,GNWT,On,5.75102210907741,0.9
74,GNWT,On,5.871914740362943,0.9
148,GNWT,On,5.694816110745988,0.9
170,GNWT,On,11.188633908147025,0.9
152,GNWT,On,8.73831793445504,0.9
107,GNWT,On,7.731305753650402,0.9
239,GNWT,On,6.831625173709732,0.9
846,GNWT,On,5.904423052529985,0.9
665,GNWT,On,5.924764472315144,0.9
46,GNWT,On,6.750979334874759,0.9
667,GNWT,On,6.956287302641815,0.9
286,GNWT,On,5.860811788792686,0.9
71,GNWT,On,5.307755371568799,0.9
359,GNWT,On,8.474638036049404,0.9
151,GNWT,On,6.3078160069742415,0.9
135,GNWT,On,7.014043596395286,0.9
235,GNWT,On,9.80519300360255,0.9
122,GNWT,On,7.240441079421531,0.9
77,GNWT,On,5.228917684409339,0.9
181,GNWT,On,7.703216063334531,0.9
488,GNWT,On,7.723218573906688,0.9
433,GNWT,On,6.220653503003795,0.9
968,GNWT,Off,4.3748076278128325,0.9
915,GNWT,Off,5.127934389448111,0.9
351,GNWT,Off,5.249801403666714,0.9
89,GNWT,Off,3.6944169807718583,0.9
668,GNWT,Off,3.962760915995743,0.9
350,GNWT,Off,5.139344559688066,0.9
465,GNWT,Off,4.555784936968227,0.9
111,GNWT,Off,5.411834186064657,0.9
918,GNWT,Off,3.665086012064873,0.9
74,GNWT,Off,4.796609659671129,0.9
231,GNWT,Off,4.307642518073359,0.9
137,GNWT,Off,5.279199093469515,0.9
186,GNWT,Off,4.732879785114448,0.9
501,GNWT,Off,6.374348010950447,0.9
233,GNWT,Off,7.872727492946172,0.9
668,GNWT,Off,4.265015922425272,0.9
764,GNWT,Off,4.1782012069144585,0.9
731,GNWT,Off,3.405372921839615,0.9
43,GNWT,Off,3.982820525808808,0.9
71,GNWT,Off,4.194410999305425,0.9
622,GNWT,Off,5.830281385025298,0.9
204,GNWT,Off,4.578322163574587,0.9
911,GNWT,Off,4.571831386247031,0.9
329,GNWT,Off,3.9692146884747497,0.9
155,GNWT,Off,5.740483810173576,0.9
751,GNWT,Off,4.029600137215353,0.9
497,GNWT,Off,5.0109512130989105,0.9
278,GNWT,Off,5.016896734341221,0.9
97,GNWT,Off,4.666861843163337,0.9
104,GNWT,Off,4.2493482246145655,0.9
524,GNWT,Off,6.840686080898783,0.9
880,GNWT,Off,3.516106123280873,0.9
483,GNWT,Off,3.5926976698165416,0.9
773,GNWT,Off,5.119622547500499,0.9
813,GNWT,Off,4.24337674952308,0.9
97,GNWT,Off,5.486807574541619,0.9
842,GNWT,Off,3.805842923197633,0.9
697,GNWT,Off,5.242950050621249,0.9
329,GNWT,Off,4.657917523580733,0.9
293,GNWT,Off,4.669632294449866,0.9
156,GNWT,Off,4.43074214834913,0.9
667,GNWT,Off,6.1002195893911235,0.9
384,GNWT,Off,4.276677318453047,0.9
356,GNWT,Off,4.636197955606839,0.9
231,GNWT,Off,6.725288650772454,0.9
175,GNWT,Off,5.497904964080914,0.9
344,GNWT,Off,4.577674754693055,0.9
464,GNWT,Off,4.710342953786993,0.9
592,GNWT,Off,5.608892888549837,0.9
980,GNWT,Off,5.503850086107562,0.9
142,GNWT,Off,5.410890562863974,0.9
797,GNWT,Off,5.715154563346466,0.9
989,GNWT,Off,5.315785339804513,0.9
823,GNWT,Off,6.481240719006263,0.9
820,GNWT,Off,5.0592318195973895,0.9
564,GNWT,Off,4.473669619292582,0.9
505,GNWT,Off,5.6832420846543465,0.9
480,GNWT,Off,5.431221296503848,0.9
974,GNWT,Off,4.047578148850861,0.9
651,GNWT,Off,3.7922673527680466,0.9
367,GNWT,Off,3.9730894952327223,0.9
745,GNWT,Off,4.911727523540928,0.9
405,GNWT,Off,6.522335873912785,0.9
383,GNWT,Off,5.1539771280709505,0.9
123,GNWT,Off,5.643664475334108,0.9
386,GNWT,Off,4.785083029167781,0.9
767,GNWT,Off,6.440694502270967,0.9
950,GNWT,Off,4.067451879649492,0.9
610,GNWT,Off,4.518399911671243,0.9
822,GNWT,Off,5.173933539196652,0.9
421,GNWT,Off,4.226994565333245,0.9
254,GNWT,Off,5.136671004114659,0.9
133,GNWT,Off,5.078506686508092,0.9
188,GNWT,Off,4.655496484458291,0.9
67,GNWT,Off,5.645625488243419,0.9
258,GNWT,Off,4.908813230750225,0.9
430,GNWT,Off,5.223554114280945,0.9
149,GNWT,Off,5.135404238012644,0.9
435,GNWT,Off,3.7282145217677978,0.9
94,GNWT,Off,5.417241457503318,0.9
507,GNWT,Off,3.966324914285976,0.9
450,GNWT,Off,4.690681361002401,0.9
882,GNWT,Off,5.07110066833871,0.9
291,GNWT,Off,4.358052867373623,0.9
590,GNWT,Off,6.681600565013838,0.9
831,GNWT,Off,4.309065092077871,0.9
570,GNWT,Off,4.557112812151142,0.9
117,GNWT,Off,4.258839861820589,0.9
67,GNWT,Off,4.253099278083001,0.9
79,GNWT,Off,4.726313177423041,0.9
865,GNWT,Off,4.423719553714935,0.9
268,GNWT,Off,3.7874933227386847,0.9
83,GNWT,Off,4.435751289375319,0.9
542,GNWT,Off,4.599617099647752,0.9
267,GNWT,Off,4.337087698086601,0.9
667,GNWT,Off,5.782883486158692,0.9
658,GNWT,Off,10.215897281679132,0.9
969,GNWT,Off,4.104232906786226,0.9
157,GNWT,Off,5.287577674302002,0.9
221,GNWT,Off,5.153294739189976,0.9
165,IIT,On,17.730954660219158,1.0
471,IIT,On,17.434136856531637,1.0
209,IIT,On,15.687913955234892,1.0
151,IIT,On,13.298188022254122,1.0
217,IIT,On,19.0840469398895,1.0
168,IIT,On,15.902782722236292,1.0
365,IIT,On,15.879422948311577,1.0
206,IIT,On,16.148870542956544,1.0
163,IIT,On,23.969466545946727,1.0
149,IIT,On,17.322430622168334,1.0
240,IIT,On,15.191520160742847,1.0
365,IIT,On,21.50845035281837,1.0
211,IIT,On,18.97280831752677,1.0
793,IIT,On,14.74029737674359,1.0
163,IIT,On,14.65451572699716,1.0
207,IIT,On,18.056048514697554,1.0
107,IIT,On,17.003690086552396,1.0
201,IIT,On,19.223742545496325,1.0
128,IIT,On,15.639554535809534,1.0
153,IIT,On,18.959167610183847,1.0
189,IIT,On,16.50848205158687,1.0
242,IIT,On,15.71021638174829,1.0
248,IIT,On,15.944608881349323,1.0
137,IIT,On,16.06625397335855,1.0
140,IIT,On,15.83396744615487,1.0
174,IIT,On,17.83182896328684,1.0
217,IIT,On,14.527467032618516,1.0
143,IIT,On,15.26253435454756,1.0
189,IIT,On,18.11066536595071,1.0
167,IIT,On,19.8326115183729,1.0
174,IIT,On,17.345558602345868,1.0
172,IIT,On,16.444725864034947,1.0
292,IIT,On,15.844691374587383,1.0
222,IIT,On,16.136512774948827,1.0
384,IIT,On,14.333720840840055,1.0
192,IIT,On,18.27775350743393,1.0
670,IIT,On,15.857096537281766,1.0
176,IIT,On,19.31836224453427,1.0
277,IIT,On,13.774016538777207,1.0
129,IIT,On,18.165287830311232,1.0
277,IIT,On,18.48660173170359,1.0
178,IIT,On,20.211302190264842,1.0
142,IIT,On,20.840599026702673,1.0
248,IIT,On,19.771480418294647,1.0
268,IIT,On,18.15150788626067,1.0
190,IIT,On,18.848134707515136,1.0
225,IIT,On,15.24868238466307,1.0
179,IIT,On,17.80871066672543,1.0
696,IIT,On,13.246715611736118,1.0
173,IIT,On,21.274628807188144,1.0
144,IIT,On,16.247660748828725,1.0
307,IIT,On,16.348064677341085,1.0
188,IIT,On,21.644836777723384,1.0
172,IIT,On,16.557827055929213,1.0
359,IIT,On,17.035748636622202,1.0
161,IIT,On,21.740297845755986,1.0
77,IIT,On,15.786916619892311,1.0
169,IIT,On,22.462250134750548,1.0
262,IIT,On,16.76437450642573,1.0
276,IIT,On,18.265703894665684,1.0
345,IIT,On,16.16352878408204,1.0
151,IIT,On,15.70625703614066,1.0
148,IIT,On,16.786079872748907,1.0
211,IIT,On,16.690133151892294,1.0
553,IIT,On,16.99124404625896,1.0
346,IIT,On,17.364163423920107,1.0
219,IIT,On,14.425102335571195,1.0
141,IIT,On,16.989880496130517,1.0
776,IIT,On,17.987580724054993,1.0
128,IIT,On,17.865669838621542,1.0
121,IIT,On,18.101520233759228,1.0
137,IIT,On,17.407704692138612,1.0
202,IIT,On,16.654863099553975,1.0
214,IIT,On,16.81558849402586,1.0
106,IIT,On,15.378840625056892,1.0
167,IIT,On,16.502764377601075,1.0
219,IIT,On,18.31192640991515,1.0
208,IIT,On,17.894088972139812,1.0
86,IIT,On,14.253879517352596,1.0
217,IIT,On,12.495679855055903,1.0
263,IIT,On,15.657859070546518,1.0
242,IIT,On,17.461034094969584,1.0
185,IIT,On,14.442151705415474,1.0
194,IIT,On,14.290780945729972,1.0
259,IIT,On,19.153220255704024,1.0
194,IIT,On,24.993243699232796,1.0
153,IIT,On,15.399766131271143,1.0
262,IIT,On,20.328187999248108,1.0
229,IIT,On,21.2055231675328,1.0
268,IIT,On,15.737690091931615,1.0
206,IIT,On,18.595257051963937,1.0
128,IIT,On,20.34963641209248,1.0
150,IIT,On,15.686660887986225,1.0
233,IIT,On,16.3775786674122,1.0
221,IIT,On,17.182689870529877,1.0
117,IIT,On,18.167608176620902,1.0
204,IIT,On,16.87283552994069,1.0
155,IIT,On,16.697735300597586,1.0
130,IIT,On,17.759100034869448,1.0
351,IIT,On,17.020311814551302,1.0
744,IIT,Off,6.787126818078214,1.0
313,IIT,Off,7.13700422073624,1.0
873,IIT,Off,9.021001779787243,1.0
373,IIT,Off,8.205304500576483,1.0
694,IIT,Off,5.752429620424698,1.0
4,IIT,Off,7.025058715862843,1.0
39,IIT,Off,5.408980474163199,1.0
417,IIT,Off,7.397846327417776,1.0
279,IIT,Off,15.352497439597917,1.0
431,IIT,Off,7.589079515700959,1.0
359,IIT,Off,5.129223664814345,1.0
493,IIT,Off,8.359239250705835,1.0
468,IIT,Off,7.313212165056055,1.0
315,IIT,Off,10.16686681851833,1.0
468,IIT,Off,6.5921969244948055,1.0
249,IIT,Off,5.782838257022194,1.0
76,IIT,Off,6.401344052065747,1.0
322,IIT,Off,6.333351549658507,1.0
26,IIT,Off,6.413916728247678,1.0
252,IIT,Off,6.2759049836871315,1.0
164,IIT,Off,6.141657029362543,1.0
306,IIT,Off,7.291704589446291,1.0
160,IIT,Off,12.233346466198858,1.0
6,IIT,Off,10.048162274138589,1.0
6,IIT,Off,7.773337791568828,1.0
106,IIT,Off,11.590487585296328,1.0
932,IIT,Off,6.326654454351788,1.0
0,IIT,Off,8.019622456886955,1.0
349,IIT,Off,6.03793939318132,1.0
298,IIT,Off,8.675732750720067,1.0
254,IIT,Off,7.0031230948611425,1.0
1,IIT,Off,7.454537690023172,1.0
228,IIT,Off,7.532597833078704,1.0
295,IIT,Off,7.286962185680777,1.0
521,IIT,Off,6.606270790859926,1.0
256,IIT,Off,8.456328269029035,1.0
915,IIT,Off,6.751398430470207,1.0
291,IIT,Off,7.217649277672199,1.0
375,IIT,Off,6.616152219747292,1.0
317,IIT,Off,9.81374522195684,1.0
312,IIT,Off,8.835251560254601,1.0
297,IIT,Off,7.386883741064102,1.0
369,IIT,Off,8.557320556229056,1.0
7,IIT,Off,8.644370005285001,1.0
636,IIT,Off,11.652917789642736,1.0
1,IIT,Off,7.7590488131420585,1.0
170,IIT,Off,10.760466224961606,1.0
296,IIT,Off,7.451241777550967,1.0
176,IIT,Off,6.734834990666576,1.0
194,IIT,Off,7.241590157410083,1.0
304,IIT,Off,9.734221379063923,1.0
285,IIT,Off,6.21011629445174,1.0
0,IIT,Off,8.419605012790077,1.0
994,IIT,Off,6.812625998257838,1.0
7,IIT,Off,6.3421221843996145,1.0
447,IIT,Off,8.103316449273336,1.0
57,IIT,Off,6.306599418460516,1.0
513,IIT,Off,7.578906160046904,1.0
177,IIT,Off,6.012629967580131,1.0
3,IIT,Off,7.443851464139792,1.0
898,IIT,Off,6.354280067526989,1.0
339,IIT,Off,9.448645282115455,1.0
181,IIT,Off,9.360792519699555,1.0
216,IIT,Off,8.400417769752657,1.0
290,IIT,Off,7.42138797742872,1.0
31,IIT,Off,6.313962139579818,1.0
318,IIT,Off,7.922220323946881,1.0
206,IIT,Off,7.750846632608802,1.0
155,IIT,Off,6.039396839252273,1.0
202,IIT,Off,7.816069410970314,1.0
186,IIT,Off,6.136915957484841,1.0
285,IIT,Off,7.542657418123113,1.0
115,IIT,Off,6.564462683926628,1.0
245,IIT,Off,9.766776724380577,1.0
916,IIT,Off,6.491687065587564,1.0
109,IIT,Off,9.522015177552685,1.0
9,IIT,Off,8.20616992422848,1.0
238,IIT,Off,5.828619638789462,1.0
243,IIT,Off,7.289807338415184,1.0
204,IIT,Off,8.398847017834091,1.0
277,IIT,Off,5.751684254969173,1.0
4,IIT,Off,8.334935139785001,1.0
15,IIT,Off,8.633684362734165,1.0
273,IIT,Off,10.381378505601583,1.0
348,IIT,Off,9.31152217140635,1.0
237,IIT,Off,6.4371180915503,1.0
319,IIT,Off,7.786179412518219,1.0
24,IIT,Off,8.532831516538232,1.0
0,IIT,Off,6.602302966128278,1.0
161,IIT,Off,6.207771654403645,1.0
410,IIT,Off,7.90655536105069,1.0
306,IIT,Off,5.582503118258563,1.0
142,IIT,Off,8.245037725470768,1.0
305,IIT,Off,6.1168137003897876,1.0
388,IIT,Off,8.604686972309542,1.0
184,IIT,Off,6.61964985130565,1.0
402,IIT,Off,10.037075173468619,1.0
922,IIT,Off,7.402622312748631,1.0
231,IIT,Off,5.683332819731361,1.0
8,IIT,Off,9.304384866601794,1.0
481,GNWT,On,7.265952108830437,1.0
759,GNWT,On,7.481164014445103,1.0
113,GNWT,On,8.45066639918505,1.0
21,GNWT,On,6.765843202073022,1.0
269,GNWT,On,9.063405059888842,1.0
695,GNWT,On,8.50377067173045,1.0
220,GNWT,On,5.251621126542553,1.0
263,GNWT,On,5.9188192504387,1.0
844,GNWT,On,6.768439315662597,1.0
996,GNWT,On,5.9878353025229165,1.0
181,GNWT,On,6.6853725516456715,1.0
565,GNWT,On,6.835599819324084,1.0
912,GNWT,On,5.285092763222308,1.0
147,GNWT,On,7.115428661520696,1.0
106,GNWT,On,10.721443199633987,1.0
156,GNWT,On,7.586650148164648,1.0
72,GNWT,On,4.711509347976424,1.0
84,GNWT,On,7.029771206442731,1.0
236,GNWT,On,6.417510986235979,1.0
181,GNWT,On,6.902368174507254,1.0
295,GNWT,On,8.520706423044011,1.0
332,GNWT,On,6.69380769331981,1.0
645,GNWT,On,8.144541434856343,1.0
789,GNWT,On,6.623950344951356,1.0
237,GNWT,On,7.446428926687427,1.0
209,GNWT,On,7.7855870794384465,1.0
101,GNWT,On,6.1291468957586135,1.0
105,GNWT,On,8.705731156299283,1.0
327,GNWT,On,7.457541091031888,1.0
378,GNWT,On,8.492092957671957,1.0
286,GNWT,On,10.797601904869898,1.0
348,GNWT,On,5.661897456181989,1.0
102,GNWT,On,10.105182038284132,1.0
95,GNWT,On,6.156402941273343,1.0
151,GNWT,On,9.220733481423705,1.0
373,GNWT,On,10.457494444903139,1.0
56,GNWT,On,9.025750723402155,1.0
174,GNWT,On,11.013646395226317,1.0
647,GNWT,On,10.291562889854967,1.0
172,GNWT,On,6.961103754658155,1.0
93,GNWT,On,7.46502001076216,1.0
138,GNWT,On,8.819157625650526,1.0
836,GNWT,On,8.719384279210908,1.0
66,GNWT,On,8.215292341664096,1.0
620,GNWT,On,7.659220668998272,1.0
794,GNWT,On,8.35968589093109,1.0
88,GNWT,On,5.999609330903826,1.0
116,GNWT,On,8.71749227207463,1.0
221,GNWT,On,9.555877493701256,1.0
441,GNWT,On,9.533590041206608,1.0
191,GNWT,On,8.611044792768379,1.0
722,GNWT,On,8.830147284913219,1.0
56,GNWT,On,5.148395727945865,1.0
42,GNWT,On,9.453110879746635,1.0
436,GNWT,On,6.520647138680694,1.0
831,GNWT,On,8.306462348154406,1.0
71,GNWT,On,7.33091464527895,1.0
223,GNWT,On,6.587777758232641,1.0
50,GNWT,On,7.047643325414114,1.0
956,GNWT,On,6.209132115545714,1.0
84,GNWT,On,7.3168379971758934,1.0
470,GNWT,On,10.748149345825569,1.0
163,GNWT,On,9.652723659207155,1.0
270,GNWT,On,9.865461611443594,1.0
104,GNWT,On,7.995082191286096,1.0
183,GNWT,On,9.140219218236204,1.0
827,GNWT,On,6.0767728576666125,1.0
827,GNWT,On,6.47882321278149,1.0
168,GNWT,On,8.867669238366911,1.0
100,GNWT,On,6.562897859052825,1.0
114,GNWT,On,6.5350386971790035,1.0
150,GNWT,On,9.327135289882383,1.0
163,GNWT,On,8.357285552989048,1.0
117,GNWT,On,10.011829913000838,1.0
776,GNWT,On,8.265460527185185,1.0
717,GNWT,On,6.01247420281752,1.0
703,GNWT,On,7.631441419438529,1.0
181,GNWT,On,7.903299839608781,1.0
422,GNWT,On,6.76612047849129,1.0
74,GNWT,On,6.865295337272633,1.0
148,GNWT,On,6.668175030083619,1.0
170,GNWT,On,13.234939584099665,1.0
152,GNWT,On,10.256068495611531,1.0
107,GNWT,On,9.060933563138141,1.0
239,GNWT,On,8.0500412116162,1.0
846,GNWT,On,7.100469219109401,1.0
665,GNWT,On,7.1331563752467595,1.0
46,GNWT,On,7.9907064919487585,1.0
667,GNWT,On,8.36187862711086,1.0
286,GNWT,On,6.971335309343234,1.0
71,GNWT,On,6.19975728342332,1.0
359,GNWT,On,10.043127463150801,1.0
410,GNWT,On,7.43946589475181,1.0
135,GNWT,On,8.21284775042434,1.0
235,GNWT,On,11.63952102129915,1.0
122,GNWT,On,8.460366523003746,1.0
77,GNWT,On,6.122175141661986,1.0
181,GNWT,On,9.041196180807798,1.0
488,GNWT,On,9.320347534730624,1.0
433,GNWT,On,7.476141982014839,1.0
968,GNWT,Off,5.4444723608806616,1.0
915,GNWT,Off,6.309074494325421,1.0
351,GNWT,Off,6.4660550450406555,1.0
89,GNWT,Off,4.393729634320494,1.0
668,GNWT,Off,4.868600558685923,1.0
350,GNWT,Off,6.256613800972303,1.0
465,GNWT,Off,5.568929778104497,1.0
111,GNWT,Off,6.521749484288665,1.0
385,GNWT,Off,4.537332998744368,1.0
74,GNWT,Off,5.757805766869635,1.0
231,GNWT,Off,5.189285114203014,1.0
137,GNWT,Off,6.339757337423856,1.0
186,GNWT,Off,5.72204873933543,1.0
501,GNWT,Off,7.852950103349515,1.0
233,GNWT,Off,9.689881608359041,1.0
668,GNWT,Off,5.2543599826011125,1.0
764,GNWT,Off,5.168745204998755,1.0
731,GNWT,Off,4.220759377451818,1.0
43,GNWT,Off,4.811921676351049,1.0
71,GNWT,Off,5.019260493401734,1.0
622,GNWT,Off,7.191906267114809,1.0
204,GNWT,Off,5.618523351325377,1.0
911,GNWT,Off,5.668351934982067,1.0
329,GNWT,Off,4.853294917001166,1.0
155,GNWT,Off,6.944208609886903,1.0
751,GNWT,Off,4.948398927603022,1.0
497,GNWT,Off,6.196210439125419,1.0
278,GNWT,Off,6.127136245096306,1.0
97,GNWT,Off,5.596229933206495,1.0
104,GNWT,Off,5.074633446056331,1.0
524,GNWT,Off,8.496692635918421,1.0
880,GNWT,Off,4.334782237018545,1.0
483,GNWT,Off,4.422897570539297,1.0
773,GNWT,Off,6.268428758850752,1.0
813,GNWT,Off,5.246065710502226,1.0
97,GNWT,Off,6.5581804883827175,1.0
842,GNWT,Off,4.755800453417053,1.0
697,GNWT,Off,6.4465880806503,1.0
329,GNWT,Off,5.69587742765362,1.0
293,GNWT,Off,5.693288027244107,1.0
156,GNWT,Off,5.336499402994193,1.0
667,GNWT,Off,7.54903618738817,1.0
384,GNWT,Off,5.208529005006733,1.0
356,GNWT,Off,5.620110902399046,1.0
231,GNWT,Off,8.316310107712706,1.0
175,GNWT,Off,6.642652217421167,1.0
344,GNWT,Off,5.596216045333039,1.0
464,GNWT,Off,5.732193213995208,1.0
592,GNWT,Off,6.891242958173265,1.0
980,GNWT,Off,6.785075313130097,1.0
142,GNWT,Off,6.532463037551054,1.0
797,GNWT,Off,7.02774856826704,1.0
989,GNWT,Off,6.557801825140598,1.0
823,GNWT,Off,7.99613735056924,1.0
820,GNWT,Off,6.230322739876214,1.0
564,GNWT,Off,5.5246150321320036,1.0
505,GNWT,Off,7.065233540587208,1.0
480,GNWT,Off,6.637046882598412,1.0
974,GNWT,Off,4.993719605098771,1.0
651,GNWT,Off,4.657211932439967,1.0
367,GNWT,Off,4.803045008360768,1.0
745,GNWT,Off,6.076518077321647,1.0
405,GNWT,Off,7.937865183000131,1.0
383,GNWT,Off,6.261288132969364,1.0
123,GNWT,Off,6.797444720680039,1.0
386,GNWT,Off,5.925933608547871,1.0
767,GNWT,Off,7.962655860706138,1.0
950,GNWT,Off,5.013814515992717,1.0
610,GNWT,Off,5.5401147675402385,1.0
822,GNWT,Off,6.3774692918355935,1.0
421,GNWT,Off,5.131657756643854,1.0
254,GNWT,Off,6.341093369684771,1.0
133,GNWT,Off,6.091227123880769,1.0
188,GNWT,Off,5.684476282132993,1.0
67,GNWT,Off,6.801517920217997,1.0
258,GNWT,Off,6.065690000717964,1.0
430,GNWT,Off,6.429767400211815,1.0
149,GNWT,Off,6.134860504038558,1.0
435,GNWT,Off,4.5384792951486945,1.0
94,GNWT,Off,6.533825973886027,1.0
507,GNWT,Off,4.873166976798487,1.0
35,GNWT,Off,5.76119318162595,1.0
882,GNWT,Off,6.258203531655724,1.0
291,GNWT,Off,5.404291958143261,1.0
590,GNWT,Off,8.274644875032218,1.0
831,GNWT,Off,5.328813436432431,1.0
570,GNWT,Off,5.581422464516447,1.0
117,GNWT,Off,5.07064146032768,1.0
67,GNWT,Off,5.095408954215825,1.0
79,GNWT,Off,5.643324338143228,1.0
865,GNWT,Off,5.470701432628967,1.0
268,GNWT,Off,4.6658592267363765,1.0
83,GNWT,Off,5.670609584304007,1.0
542,GNWT,Off,5.665912952830946,1.0
267,GNWT,Off,5.389644487774969,1.0
667,GNWT,Off,7.165056328401486,1.0
658,GNWT,Off,12.584461562360591,1.0
969,GNWT,Off,5.061813260709571,1.0
157,GNWT,Off,6.423321142384458,1.0
221,GNWT,Off,6.335531477769248,1.0
